gruppo	nomeGruppo	senatore	nome	cognome	carica	inizioAdesione	legislatura
http://dati.senato.it/gruppo/49	Partito Democratico	http://dati.senato.it/senatore/29119	Sergio	Lo Giudice	Membro	2013-03-19	17
http://dati.senato.it/gruppo/49	Partito Democratico	http://dati.senato.it/senatore/25511	Stefano	Esposito	Membro	2013-03-19	17
http://dati.senato.it/gruppo/49	Partito Democratico	http://dati.senato.it/senatore/29109	Miguel	Gotor	Membro	2013-03-19	17
http://dati.senato.it/gruppo/49	Partito Democratico	http://dati.senato.it/senatore/29167	Lucrezia	Ricchiuti	Membro	2013-03-19	17
http://dati.senato.it/gruppo/49	Partito Democratico	http://dati.senato.it/senatore/29097	Rosanna	Filippin	Membro	2013-03-19	17
http://dati.senato.it/gruppo/49	Partito Democratico	http://dati.senato.it/senatore/29047	Amedeo	Bianco	Membro	2013-03-19	17
http://dati.senato.it/gruppo/49	Partito Democratico	http://dati.senato.it/senatore/29092	Camilla	Fabbri	Membro	2013-03-19	17
http://dati.senato.it/gruppo/49	Partito Democratico	http://dati.senato.it/senatore/12379	Marco	Minniti	Membro	2013-03-19	17
http://dati.senato.it/gruppo/49	Partito Democratico	http://dati.senato.it/senatore/29162	Stefania	Pezzopane	Membro	2013-03-22	17
http://dati.senato.it/gruppo/49	Partito Democratico	http://dati.senato.it/senatore/29165	Francesca	Puglisi	Membro	2013-03-19	17
http://dati.senato.it/gruppo/49	Partito Democratico	http://dati.senato.it/senatore/29060	Laura	Cantini	Membro	2013-03-19	17
http://dati.senato.it/gruppo/49	Partito Democratico	http://dati.senato.it/senatore/17651	Giorgio	Tonini	Membro	2013-03-19	17
http://dati.senato.it/gruppo/49	Partito Democratico	http://dati.senato.it/senatore/29170	Gianluca	Rossi	Membro	2013-03-19	17
http://dati.senato.it/gruppo/49	Partito Democratico	http://dati.senato.it/senatore/18499	Monica	Cirinna'	Membro	2013-03-19	17
http://dati.senato.it/gruppo/49	Partito Democratico	http://dati.senato.it/senatore/22706	Silvana	Amati	Membro	2013-03-19	17
http://dati.senato.it/gruppo/49	Partito Democratico	http://dati.senato.it/senatore/23080	Salvatore	Tomaselli	Membro	2013-03-19	17
http://dati.senato.it/gruppo/49	Partito Democratico	http://dati.senato.it/senatore/28580	Maria Cecilia	Guerra	Membro	2013-03-19	17
http://dati.senato.it/gruppo/49	Partito Democratico	http://dati.senato.it/senatore/22337	Felice	Casson	Membro	2013-03-19	17
http://dati.senato.it/gruppo/49	Partito Democratico	http://dati.senato.it/senatore/29094	Emma	Fattorini	Membro	2013-03-19	17
http://dati.senato.it/gruppo/49	Partito Democratico	http://dati.senato.it/senatore/29077	Vincenzo	Cuomo	Membro	2013-03-19	17
http://dati.senato.it/gruppo/49	Partito Democratico	http://dati.senato.it/senatore/25224	Gian Carlo	Sangalli	Membro	2013-03-19	17
http://dati.senato.it/gruppo/49	Partito Democratico	http://dati.senato.it/senatore/22740	Marco	Filippi	Membro	2013-03-19	17
http://dati.senato.it/gruppo/49	Partito Democratico	http://dati.senato.it/senatore/29098	Elena	Fissore	Membro	2013-03-19	17
http://dati.senato.it/gruppo/49	Partito Democratico	http://dati.senato.it/senatore/29157	Annamaria	Parente	Membro	2013-03-19	17
http://dati.senato.it/gruppo/49	Partito Democratico	http://dati.senato.it/senatore/29184	Maria	Spilabotte	Membro	2013-03-19	17
http://dati.senato.it/gruppo/49	Partito Democratico	http://dati.senato.it/senatore/2430	Mario	Tronti	Membro	2013-03-19	17
http://dati.senato.it/gruppo/49	Partito Democratico	http://dati.senato.it/senatore/22720	Filippo	Bubbico	Membro	2013-03-19	17
http://dati.senato.it/gruppo/49	Partito Democratico	http://dati.senato.it/senatore/4387	Paolo	Corsini	Membro	2013-03-19	17
http://dati.senato.it/gruppo/49	Partito Democratico	http://dati.senato.it/senatore/29153	Giorgio	Pagliari	Membro	2013-03-19	17
http://dati.senato.it/gruppo/49	Partito Democratico	http://dati.senato.it/senatore/29144	Claudio	Moscardelli	Membro	2013-03-19	17
http://dati.senato.it/gruppo/49	Partito Democratico	http://dati.senato.it/senatore/29062	Valeria	Cardinali	Membro	2013-03-19	17
http://dati.senato.it/gruppo/49	Partito Democratico	http://dati.senato.it/senatore/22770	Leana	Pignedoli	Membro	2013-03-19	17
http://dati.senato.it/gruppo/49	Partito Democratico	http://dati.senato.it/senatore/20658	Luigi	Zanda	Presidente	2013-03-19	17
http://dati.senato.it/gruppo/49	Partito Democratico	http://dati.senato.it/senatore/29088	Nerina	Dirindin	Membro	2013-03-19	17
http://dati.senato.it/gruppo/49	Partito Democratico	http://dati.senato.it/senatore/29145	Massimo	Mucchetti	Membro	2013-03-19	17
http://dati.senato.it/gruppo/49	Partito Democratico	http://dati.senato.it/senatore/28924	Francesco	Verducci	Membro	2013-03-19	17
http://dati.senato.it/gruppo/49	Partito Democratico	http://dati.senato.it/senatore/29137	Corradino	Mineo	Membro	2013-03-19	17
http://dati.senato.it/gruppo/49	Partito Democratico	http://dati.senato.it/senatore/22759	Ignazio	Marino	Membro	2013-03-19	17
http://dati.senato.it/gruppo/49	Partito Democratico	http://dati.senato.it/senatore/29182	Pasquale	Sollo	Membro	2013-03-19	17
http://dati.senato.it/gruppo/49	Partito Democratico	http://dati.senato.it/senatore/21507	Mauro Maria	Marino	Membro	2013-03-19	17
http://dati.senato.it/gruppo/49	Partito Democratico	http://dati.senato.it/senatore/29057	Massimo	Caleo	Membro	2013-03-19	17
http://dati.senato.it/gruppo/49	Partito Democratico	http://dati.senato.it/senatore/29035	Donatella	Albano	Membro	2013-03-19	17
http://dati.senato.it/gruppo/49	Partito Democratico	http://dati.senato.it/senatore/29082	Isabella	De Monte	Membro	2013-03-19	17
http://dati.senato.it/gruppo/49	Partito Democratico	http://dati.senato.it/senatore/29151	Venera	Padua	Membro	2013-03-19	17
http://dati.senato.it/gruppo/49	Partito Democratico	http://dati.senato.it/senatore/16924	Vannino	Chiti	Membro	2013-03-19	17
http://dati.senato.it/gruppo/49	Partito Democratico	http://dati.senato.it/senatore/29072	Stefano	Collina	Membro	2013-03-19	17
http://dati.senato.it/gruppo/49	Partito Democratico	http://dati.senato.it/senatore/4493	Maurizio	Migliavacca	Membro	2013-03-19	17
http://dati.senato.it/gruppo/49	Partito Democratico	http://dati.senato.it/senatore/17663	Sergio	Zavoli	Membro	2013-03-19	17
http://dati.senato.it/gruppo/49	Partito Democratico	http://dati.senato.it/senatore/29195	Magda Angela	Zanoni	Membro	2013-03-19	17
http://dati.senato.it/gruppo/49	Partito Democratico	http://dati.senato.it/senatore/29192	Stefano	Vaccari	Membro	2013-03-19	17
http://dati.senato.it/gruppo/49	Partito Democratico	http://dati.senato.it/senatore/17769	Roberto	Ruta	Membro	2013-03-19	17
http://dati.senato.it/gruppo/49	Partito Democratico	http://dati.senato.it/senatore/26041	Valeria	Fedeli	Membro	2013-03-19	17
http://dati.senato.it/gruppo/49	Partito Democratico	http://dati.senato.it/senatore/25466	Donella	Mattesini	Membro	2013-03-19	17
http://dati.senato.it/gruppo/49	Partito Democratico	http://dati.senato.it/senatore/29194	Vito	Vattuone	Membro	2013-03-19	17
http://dati.senato.it/gruppo/49	Partito Democratico	http://dati.senato.it/senatore/29176	Francesco	Scalia	Membro	2013-03-19	17
http://dati.senato.it/gruppo/49	Partito Democratico	http://dati.senato.it/senatore/29175	Giorgio	Santini	Membro	2013-03-19	17
http://dati.senato.it/gruppo/49	Partito Democratico	http://dati.senato.it/senatore/29105	Francesco	Giacobbe	Membro	2013-03-19	17
http://dati.senato.it/gruppo/49	Partito Democratico	http://dati.senato.it/senatore/29180	Annalisa	Silvestro	Membro	2013-03-19	17
http://dati.senato.it/gruppo/49	Partito Democratico	http://dati.senato.it/senatore/1376	Giuseppe	Lumia	Membro	2013-03-19	17
http://dati.senato.it/gruppo/49	Partito Democratico	http://dati.senato.it/senatore/25229	Manuela	Granaiola	Membro	2013-03-19	17
http://dati.senato.it/gruppo/49	Partito Democratico	http://dati.senato.it/senatore/29054	Claudio	Broglia	Membro	2013-03-19	17
http://dati.senato.it/gruppo/49	Partito Democratico	http://dati.senato.it/senatore/29112	Josefa	Idem	Membro	2013-03-19	17
http://dati.senato.it/gruppo/49	Partito Democratico	http://dati.senato.it/senatore/29096	Elena	Ferrara	Membro	2013-03-19	17
http://dati.senato.it/gruppo/49	Partito Democratico	http://dati.senato.it/senatore/29111	Paolo	Guerrieri Paleotti	Membro	2013-03-19	17
http://dati.senato.it/gruppo/49	Partito Democratico	http://dati.senato.it/senatore/29183	Lodovico	Sonego	Membro	2013-03-19	17
http://dati.senato.it/gruppo/49	Partito Democratico	http://dati.senato.it/senatore/29200	Daniela	Valentini	Membro	2013-03-19	17
http://dati.senato.it/gruppo/49	Partito Democratico	http://dati.senato.it/senatore/29037	Ignazio	Angioni	Membro	2013-03-19	17
http://dati.senato.it/gruppo/49	Partito Democratico	http://dati.senato.it/senatore/29095	Nicoletta	Favero	Membro	2013-03-19	17
http://dati.senato.it/gruppo/49	Partito Democratico	http://dati.senato.it/senatore/991	Anna	Finocchiaro	Membro	2013-03-19	17
http://dati.senato.it/gruppo/49	Partito Democratico	http://dati.senato.it/senatore/29173	Angelica	Saggese	Membro	2013-03-19	17
http://dati.senato.it/gruppo/49	Partito Democratico	http://dati.senato.it/senatore/29052	Daniele Gaetano	Borioli	Membro	2013-03-19	17
http://dati.senato.it/gruppo/49	Partito Democratico	http://dati.senato.it/senatore/25424	Luciano	Pizzetti	Membro	2013-03-19	17
http://dati.senato.it/gruppo/49	Partito Democratico	http://dati.senato.it/senatore/29166	Laura	Puppato	Membro	2013-03-19	17
http://dati.senato.it/gruppo/49	Partito Democratico	http://dati.senato.it/senatore/29110	Pietro	Grasso	Membro	2013-03-19	17
http://dati.senato.it/gruppo/49	Partito Democratico	http://dati.senato.it/senatore/2313	Ugo	Sposetti	Membro	2013-03-19	17
http://dati.senato.it/gruppo/49	Partito Democratico	http://dati.senato.it/senatore/1426	Luigi	Manconi	Membro	2013-03-19	17
http://dati.senato.it/gruppo/49	Partito Democratico	http://dati.senato.it/senatore/29085	Mauro	Del Barba	Membro	2013-03-19	17
http://dati.senato.it/gruppo/49	Partito Democratico	http://dati.senato.it/senatore/25477	Doris	Lo Moro	Membro	2013-03-19	17
http://dati.senato.it/gruppo/49	Partito Democratico	http://dati.senato.it/senatore/29087	Rosa Maria	Di Giorgi	Membro	2013-03-19	17
http://dati.senato.it/gruppo/49	Partito Democratico	http://dati.senato.it/senatore/25226	Maria Teresa	Bertuzzi	Membro	2013-03-19	17
http://dati.senato.it/gruppo/49	Partito Democratico	http://dati.senato.it/senatore/25495	Maria Grazia	Gatti	Membro	2013-03-19	17
http://dati.senato.it/gruppo/49	Partito Democratico	http://dati.senato.it/senatore/25235	Raffaele	Ranucci	Membro	2013-03-19	17
http://dati.senato.it/gruppo/49	Partito Democratico	http://dati.senato.it/senatore/29076	Giuseppe Luigi Salvatore	Cucca	Membro	2013-03-19	17
http://dati.senato.it/gruppo/49	Partito Democratico	http://dati.senato.it/senatore/23135	Salvatore	Margiotta	Membro	2013-03-19	17
http://dati.senato.it/gruppo/49	Partito Democratico	http://dati.senato.it/senatore/29071	Roberto	Cociancich	Membro	2013-03-19	17
http://dati.senato.it/gruppo/49	Partito Democratico	http://dati.senato.it/senatore/5126	Nicola	Latorre	Membro	2013-03-19	17
http://dati.senato.it/gruppo/49	Partito Democratico	http://dati.senato.it/senatore/21593	Rosaria	Capacchione	Membro	2013-03-19	17
http://dati.senato.it/gruppo/49	Partito Democratico	http://dati.senato.it/senatore/29099	Federico	Fornaro	Membro	2013-03-19	17
http://dati.senato.it/gruppo/49	Partito Democratico	http://dati.senato.it/senatore/29141	Mario	Morgoni	Membro	2013-03-19	17
http://dati.senato.it/gruppo/49	Partito Democratico	http://dati.senato.it/senatore/29150	Pamela Giacoma Giovanna	Orru'	Membro	2013-03-19	17
http://dati.senato.it/gruppo/49	Partito Democratico	http://dati.senato.it/senatore/29138	Franco	Mirabelli	Membro	2013-03-19	17
http://dati.senato.it/gruppo/49	Partito Democratico	http://dati.senato.it/senatore/29122	Carlo	Lucherini	Membro	2013-03-19	17
http://dati.senato.it/gruppo/49	Partito Democratico	http://dati.senato.it/senatore/1458	Andrea	Marcucci	Membro	2013-03-19	17
http://dati.senato.it/gruppo/49	Partito Democratico	http://dati.senato.it/senatore/29107	Nadia	Ginetti	Membro	2013-03-19	17
http://dati.senato.it/gruppo/49	Partito Democratico	http://dati.senato.it/senatore/22790	Claudio	Micheloni	Membro	2013-03-19	17
http://dati.senato.it/gruppo/49	Partito Democratico	http://dati.senato.it/senatore/29113	Bachisio Silvio	Lai	Membro	2013-03-19	17
http://dati.senato.it/gruppo/49	Partito Democratico	http://dati.senato.it/senatore/17796	Walter	Tocci	Membro	2013-03-19	17
http://dati.senato.it/gruppo/49	Partito Democratico	http://dati.senato.it/senatore/29040	Bruno	Astorre	Membro	2013-03-19	17
http://dati.senato.it/gruppo/56	Il Popolo della Libertà	http://dati.senato.it/senatore/25270	Simona	Vicari	Membro	2013-03-19	17
http://dati.senato.it/gruppo/56	Il Popolo della Libertà	http://dati.senato.it/senatore/29197	Vittorio	Zizza	Membro	2013-03-19	17
http://dati.senato.it/gruppo/56	Il Popolo della Libertà	http://dati.senato.it/senatore/17805	Guido	Viceconte	Membro	2013-03-19	17
http://dati.senato.it/gruppo/56	Il Popolo della Libertà	http://dati.senato.it/senatore/17811	Pierantonio	Zanettin	Membro	2013-03-19	17
http://dati.senato.it/gruppo/56	Il Popolo della Libertà	http://dati.senato.it/senatore/25271	Bruno	Alicata	Membro	2013-03-19	17
http://dati.senato.it/gruppo/56	Il Popolo della Libertà	http://dati.senato.it/senatore/1407	Lucio	Malan	Membro	2013-03-19	17
http://dati.senato.it/gruppo/56	Il Popolo della Libertà	http://dati.senato.it/senatore/17823	Ciro	Falanga	Membro	2013-03-19	17
http://dati.senato.it/gruppo/56	Il Popolo della Libertà	http://dati.senato.it/senatore/29081	Nico	D'Ascola	Membro	2013-03-19	17
http://dati.senato.it/gruppo/56	Il Popolo della Libertà	http://dati.senato.it/senatore/22717	Anna Cinzia	Bonfrisco	Membro	2013-03-19	17
http://dati.senato.it/gruppo/56	Il Popolo della Libertà	http://dati.senato.it/senatore/29128	Marco	Marin	Membro	2013-03-19	17
http://dati.senato.it/gruppo/56	Il Popolo della Libertà	http://dati.senato.it/senatore/25491	Vincenzo	Gibiino	Membro	2013-03-19	17
http://dati.senato.it/gruppo/56	Il Popolo della Libertà	http://dati.senato.it/senatore/17887	Niccolo'	Ghedini	Membro	2013-03-19	17
http://dati.senato.it/gruppo/56	Il Popolo della Libertà	http://dati.senato.it/senatore/752	Antonio	D'Ali'	Membro	2013-03-19	17
http://dati.senato.it/gruppo/56	Il Popolo della Libertà	http://dati.senato.it/senatore/22970	Francesco Maria	Giro	Membro	2013-03-19	17
http://dati.senato.it/gruppo/56	Il Popolo della Libertà	http://dati.senato.it/senatore/25458	Antonio	Milo	Membro	2013-03-19	17
http://dati.senato.it/gruppo/56	Il Popolo della Libertà	http://dati.senato.it/senatore/25198	Maria	Rizzotti	Membro	2013-03-19	17
http://dati.senato.it/gruppo/56	Il Popolo della Libertà	http://dati.senato.it/senatore/29126	Andrea	Mandelli	Membro	2013-03-19	17
http://dati.senato.it/gruppo/56	Il Popolo della Libertà	http://dati.senato.it/senatore/1526	Altero	Matteoli	Membro	2013-03-19	17
http://dati.senato.it/gruppo/56	Il Popolo della Libertà	http://dati.senato.it/senatore/23035	Paola	Pelino	Membro	2013-03-19	17
http://dati.senato.it/gruppo/56	Il Popolo della Libertà	http://dati.senato.it/senatore/19020	Massimo	Cassano	Membro	2013-03-19	17
http://dati.senato.it/gruppo/56	Il Popolo della Libertà	http://dati.senato.it/senatore/10369	Riccardo	Villari	Membro	2013-03-19	17
http://dati.senato.it/gruppo/56	Il Popolo della Libertà	http://dati.senato.it/senatore/29033	Piero	Aiello	Membro	2013-03-19	17
http://dati.senato.it/gruppo/56	Il Popolo della Libertà	http://dati.senato.it/senatore/17834	Enzo	Fasano	Membro	2013-03-19	17
http://dati.senato.it/gruppo/56	Il Popolo della Libertà	http://dati.senato.it/senatore/29103	Paolo	Galimberti	Membro	2013-03-19	17
http://dati.senato.it/gruppo/56	Il Popolo della Libertà	http://dati.senato.it/senatore/25208	Mario	Mantovani	Membro	2013-03-19	17
http://dati.senato.it/gruppo/56	Il Popolo della Libertà	http://dati.senato.it/senatore/27874	Domenico	De Siano	Membro	2013-03-19	17
http://dati.senato.it/gruppo/56	Il Popolo della Libertà	http://dati.senato.it/senatore/29163	Giovanni	Piccoli	Membro	2013-03-19	17
http://dati.senato.it/gruppo/56	Il Popolo della Libertà	http://dati.senato.it/senatore/22707	Andrea	Augello	Membro	2013-03-19	17
http://dati.senato.it/gruppo/56	Il Popolo della Libertà	http://dati.senato.it/senatore/25416	Manuela	Repetti	Membro	2013-03-19	17
http://dati.senato.it/gruppo/56	Il Popolo della Libertà	http://dati.senato.it/senatore/25398	Domenico	Scilipoti Isgro'	Membro	2013-03-19	17
http://dati.senato.it/gruppo/56	Il Popolo della Libertà	http://dati.senato.it/senatore/1148	Carlo	Giovanardi	Membro	2013-03-19	17
http://dati.senato.it/gruppo/56	Il Popolo della Libertà	http://dati.senato.it/senatore/25464	Riccardo	Mazzoni	Membro	2013-03-19	17
http://dati.senato.it/gruppo/56	Il Popolo della Libertà	http://dati.senato.it/senatore/25386	Salvatore	Torrisi	Membro	2013-03-19	17
http://dati.senato.it/gruppo/56	Il Popolo della Libertà	http://dati.senato.it/senatore/29125	Bruno	Mancuso	Membro	2013-03-19	17
http://dati.senato.it/gruppo/56	Il Popolo della Libertà	http://dati.senato.it/senatore/17739	Nitto Francesco	Palma	Membro	2013-03-19	17
http://dati.senato.it/gruppo/56	Il Popolo della Libertà	http://dati.senato.it/senatore/29118	Pietro	Liuzzi	Membro	2013-03-19	17
http://dati.senato.it/gruppo/56	Il Popolo della Libertà	http://dati.senato.it/senatore/22899	Remigio	Ceroni	Membro	2013-03-19	17
http://dati.senato.it/gruppo/56	Il Popolo della Libertà	http://dati.senato.it/senatore/4347	Paolo	Bonaiuti	Membro	2013-03-19	17
http://dati.senato.it/gruppo/56	Il Popolo della Libertà	http://dati.senato.it/senatore/3939	Renato	Schifani	Presidente	2013-03-19	17
http://dati.senato.it/gruppo/56	Il Popolo della Libertà	http://dati.senato.it/senatore/29208	Marcello	Gualdani	Membro	2013-03-19	17
http://dati.senato.it/gruppo/56	Il Popolo della Libertà	http://dati.senato.it/senatore/227	Silvio	Berlusconi	Membro	2013-03-19	17
http://dati.senato.it/gruppo/56	Il Popolo della Libertà	http://dati.senato.it/senatore/25261	Luigi	D'Ambrosio Lettieri	Membro	2013-03-19	17
http://dati.senato.it/gruppo/56	Il Popolo della Libertà	http://dati.senato.it/senatore/25214	Giacomo	Caliendo	Membro	2013-03-19	17
http://dati.senato.it/gruppo/56	Il Popolo della Libertà	http://dati.senato.it/senatore/29120	Eva	Longo	Membro	2013-03-19	17
http://dati.senato.it/gruppo/56	Il Popolo della Libertà	http://dati.senato.it/senatore/29188	Lucio	Tarquinio	Membro	2013-03-19	17
http://dati.senato.it/gruppo/56	Il Popolo della Libertà	http://dati.senato.it/senatore/29210	Sante	Zuffada	Membro	2013-03-19	17
http://dati.senato.it/gruppo/56	Il Popolo della Libertà	http://dati.senato.it/senatore/17801	Denis	Verdini	Membro	2013-03-19	17
http://dati.senato.it/gruppo/56	Il Popolo della Libertà	http://dati.senato.it/senatore/1662	Alessandra	Mussolini	Membro	2013-03-19	17
http://dati.senato.it/gruppo/56	Il Popolo della Libertà	http://dati.senato.it/senatore/29152	Pippo	Pagano	Membro	2013-03-19	17
http://dati.senato.it/gruppo/56	Il Popolo della Libertà	http://dati.senato.it/senatore/500	Franco	Carraro	Membro	2013-03-19	17
http://dati.senato.it/gruppo/56	Il Popolo della Libertà	http://dati.senato.it/senatore/29114	Pietro	Langella	Membro	2013-03-19	17
http://dati.senato.it/gruppo/56	Il Popolo della Libertà	http://dati.senato.it/senatore/17698	Giuseppe Francesco Maria	Marinello	Membro	2013-03-19	17
http://dati.senato.it/gruppo/56	Il Popolo della Libertà	http://dati.senato.it/senatore/17803	Antonio	Verro	Membro	2013-03-19	17
http://dati.senato.it/gruppo/56	Il Popolo della Libertà	http://dati.senato.it/senatore/1027	Roberto	Formigoni	Membro	2013-03-19	17
http://dati.senato.it/gruppo/56	Il Popolo della Libertà	http://dati.senato.it/senatore/25412	Mariarosaria	Rossi	Membro	2013-03-19	17
http://dati.senato.it/gruppo/56	Il Popolo della Libertà	http://dati.senato.it/senatore/25205	Alfredo	Messina	Membro	2013-03-19	17
http://dati.senato.it/gruppo/56	Il Popolo della Libertà	http://dati.senato.it/senatore/29159	Luigi	Perrone	Membro	2013-03-19	17
http://dati.senato.it/gruppo/56	Il Popolo della Libertà	http://dati.senato.it/senatore/25206	Salvatore	Sciascia	Membro	2013-03-19	17
http://dati.senato.it/gruppo/56	Il Popolo della Libertà	http://dati.senato.it/senatore/25207	Giancarlo	Serafini	Membro	2013-03-19	17
http://dati.senato.it/gruppo/56	Il Popolo della Libertà	http://dati.senato.it/senatore/17635	Giuseppe	Ruvolo	Membro	2013-03-19	17
http://dati.senato.it/gruppo/56	Il Popolo della Libertà	http://dati.senato.it/senatore/23054	Antonio	Razzi	Membro	2013-03-19	17
http://dati.senato.it/gruppo/56	Il Popolo della Libertà	http://dati.senato.it/senatore/3923	Antonio	Azzollini	Membro	2013-03-19	17
http://dati.senato.it/gruppo/56	Il Popolo della Libertà	http://dati.senato.it/senatore/32	Maria Elisabetta	Alberti Casellati	Membro	2013-03-19	17
http://dati.senato.it/gruppo/56	Il Popolo della Libertà	http://dati.senato.it/senatore/23060	Luciano	Rossi	Membro	2013-03-19	17
http://dati.senato.it/gruppo/56	Il Popolo della Libertà	http://dati.senato.it/senatore/22558	Pietro	Iurlaro	Membro	2013-03-19	17
http://dati.senato.it/gruppo/56	Il Popolo della Libertà	http://dati.senato.it/senatore/29206	Franco	Conte	Membro	2013-03-19	17
http://dati.senato.it/gruppo/56	Il Popolo della Libertà	http://dati.senato.it/senatore/25568	Francesco	Aracri	Membro	2013-03-19	17
http://dati.senato.it/gruppo/56	Il Popolo della Libertà	http://dati.senato.it/senatore/29178	Francesco	Scoma	Membro	2013-03-19	17
http://dati.senato.it/gruppo/56	Il Popolo della Libertà	http://dati.senato.it/senatore/29079	Mario	Dalla Tor	Membro	2013-03-19	17
http://dati.senato.it/gruppo/56	Il Popolo della Libertà	http://dati.senato.it/senatore/4352	Donato	Bruno	Membro	2013-03-19	17
http://dati.senato.it/gruppo/56	Il Popolo della Libertà	http://dati.senato.it/senatore/29063	Antonio Stefano	Caridi	Membro	2013-03-19	17
http://dati.senato.it/gruppo/56	Il Popolo della Libertà	http://dati.senato.it/senatore/29199	Federica	Chiavaroli	Membro	2013-03-19	17
http://dati.senato.it/gruppo/56	Il Popolo della Libertà	http://dati.senato.it/senatore/25558	Anna Maria	Bernini	Membro	2013-03-19	17
http://dati.senato.it/gruppo/56	Il Popolo della Libertà	http://dati.senato.it/senatore/17561	Antonio	Gentile	Membro	2013-03-19	17
http://dati.senato.it/gruppo/56	Il Popolo della Libertà	http://dati.senato.it/senatore/63	Francesco Maria	Amoruso	Membro	2013-03-19	17
http://dati.senato.it/gruppo/56	Il Popolo della Libertà	http://dati.senato.it/senatore/25245	Cosimo	Sibilia	Membro	2013-03-19	17
http://dati.senato.it/gruppo/56	Il Popolo della Libertà	http://dati.senato.it/senatore/29204	Bernabo'	Bocca	Membro	2013-03-19	17
http://dati.senato.it/gruppo/56	Il Popolo della Libertà	http://dati.senato.it/senatore/2132	Maurizio	Sacconi	Membro	2013-03-19	17
http://dati.senato.it/gruppo/56	Il Popolo della Libertà	http://dati.senato.it/senatore/476	Franco	Cardiello	Membro	2013-03-19	17
http://dati.senato.it/gruppo/56	Il Popolo della Libertà	http://dati.senato.it/senatore/645	Francesco	Colucci	Membro	2013-03-19	17
http://dati.senato.it/gruppo/56	Il Popolo della Libertà	http://dati.senato.it/senatore/29205	Augusto	Minzolini	Membro	2013-03-19	17
http://dati.senato.it/gruppo/56	Il Popolo della Libertà	http://dati.senato.it/senatore/27647	Vincenzo	D'Anna	Membro	2013-03-19	17
http://dati.senato.it/gruppo/56	Il Popolo della Libertà	http://dati.senato.it/senatore/4639	Giuseppe	Esposito	Membro	2013-03-19	17
http://dati.senato.it/gruppo/56	Il Popolo della Libertà	http://dati.senato.it/senatore/17911	Riccardo	Conti	Membro	2013-03-19	17
http://dati.senato.it/gruppo/56	Il Popolo della Libertà	http://dati.senato.it/senatore/2064	Paolo	Romani	Membro	2013-03-19	17
http://dati.senato.it/gruppo/56	Il Popolo della Libertà	http://dati.senato.it/senatore/4192	Claudio	Fazzone	Membro	2013-03-19	17
http://dati.senato.it/gruppo/56	Il Popolo della Libertà	http://dati.senato.it/senatore/17857	Sandro	Bondi	Membro	2013-03-19	17
http://dati.senato.it/gruppo/56	Il Popolo della Libertà	http://dati.senato.it/senatore/29207	Francesco	Bruni	Membro	2013-03-19	17
http://dati.senato.it/gruppo/56	Il Popolo della Libertà	http://dati.senato.it/senatore/18715	Gaetano	Quagliariello	Membro	2013-03-19	17
http://dati.senato.it/gruppo/56	Il Popolo della Libertà	http://dati.senato.it/senatore/1103	Maurizio	Gasparri	Membro	2013-03-19	17
http://dati.senato.it/gruppo/56	Il Popolo della Libertà	http://dati.senato.it/senatore/29209	Emilio	Floris	Membro	2013-03-19	17
http://dati.senato.it/gruppo/9	Misto	http://dati.senato.it/senatore/22794	Renato Guerino	Turano	Membro	2013-03-19	17
http://dati.senato.it/gruppo/9	Misto	http://dati.senato.it/senatore/22917	Emilia Grazia	De Biasi	Membro	2013-03-19	17
http://dati.senato.it/gruppo/9	Misto	http://dati.senato.it/senatore/29068	Massimo	Cervellini	Membro	2013-03-19	17
http://dati.senato.it/gruppo/9	Misto	http://dati.senato.it/senatore/22918	Peppe	De Cristofaro	Membro	2013-03-19	17
http://dati.senato.it/gruppo/9	Misto	http://dati.senato.it/senatore/29191	Luciano	Uras	Membro	2013-03-19	17
http://dati.senato.it/gruppo/9	Misto	http://dati.senato.it/senatore/29127	Giovanna	Mangili	Membro	2013-03-19	17
http://dati.senato.it/gruppo/9	Misto	http://dati.senato.it/senatore/29160	Alessia	Petraglia	Membro	2013-03-19	17
http://dati.senato.it/gruppo/9	Misto	http://dati.senato.it/senatore/594	Carlo Azeglio	Ciampi	Membro	2013-03-19	17
http://dati.senato.it/gruppo/9	Misto	http://dati.senato.it/senatore/17578	Loredana	De Petris	Presidente	2013-03-19	17
http://dati.senato.it/gruppo/9	Misto	http://dati.senato.it/senatore/29186	Dario	Stefano	Membro	2013-03-19	17
http://dati.senato.it/gruppo/9	Misto	http://dati.senato.it/senatore/29041	Giovanni	Barozzino	Membro	2013-03-19	17
http://dati.senato.it/gruppo/33	Lega Nord e Autonomie	http://dati.senato.it/senatore/25449	Emanuela	Munerato	Membro	2013-03-19	17
http://dati.senato.it/gruppo/33	Lega Nord e Autonomie	http://dati.senato.it/senatore/25531	Silvana Andreina	Comaroli	Membro	2013-03-19	17
http://dati.senato.it/gruppo/33	Lega Nord e Autonomie	http://dati.senato.it/senatore/25528	Nunziante	Consiglio	Membro	2013-03-19	17
http://dati.senato.it/gruppo/33	Lega Nord e Autonomie	http://dati.senato.it/senatore/20001	Raffaele	Volpi	Vicepresidente	2013-03-19	17
http://dati.senato.it/gruppo/33	Lega Nord e Autonomie	http://dati.senato.it/senatore/22551	Patrizia	Bisinella	Membro	2013-03-19	17
http://dati.senato.it/gruppo/33	Lega Nord e Autonomie	http://dati.senato.it/senatore/29043	Raffaela	Bellot	Membro	2013-03-19	17
http://dati.senato.it/gruppo/33	Lega Nord e Autonomie	http://dati.senato.it/senatore/22963	Massimo	Garavaglia	Membro	2013-03-19	17
http://dati.senato.it/gruppo/33	Lega Nord e Autonomie	http://dati.senato.it/senatore/29059	Stefano	Candiani	Membro	2013-03-19	17
http://dati.senato.it/gruppo/33	Lega Nord e Autonomie	http://dati.senato.it/senatore/2419	Giulio	Tremonti	Membro	2013-03-19	17
http://dati.senato.it/gruppo/33	Lega Nord e Autonomie	http://dati.senato.it/senatore/25556	Massimo	Bitonci	Presidente	2013-03-19	17
http://dati.senato.it/gruppo/33	Lega Nord e Autonomie	http://dati.senato.it/senatore/4569	Giacomo	Stucchi	Membro	2013-03-19	17
http://dati.senato.it/gruppo/33	Lega Nord e Autonomie	http://dati.senato.it/senatore/29185	Erika	Stefani	Membro	2013-03-19	17
http://dati.senato.it/gruppo/33	Lega Nord e Autonomie	http://dati.senato.it/senatore/22730	Michelino	Davico	Membro	2013-03-19	17
http://dati.senato.it/gruppo/33	Lega Nord e Autonomie	http://dati.senato.it/senatore/29039	Paolo	Arrigoni	Membro	2013-03-19	17
http://dati.senato.it/gruppo/33	Lega Nord e Autonomie	http://dati.senato.it/senatore/422	Roberto	Calderoli	Membro	2013-03-19	17
http://dati.senato.it/gruppo/33	Lega Nord e Autonomie	http://dati.senato.it/senatore/22735	Sergio	Divina	Vicepresidente	2013-03-19	17
http://dati.senato.it/gruppo/70	Scelta Civica per l'Italia	http://dati.senato.it/senatore/17695	Alessandro	Maran	Membro	2013-03-19	17
http://dati.senato.it/gruppo/70	Scelta Civica per l'Italia	http://dati.senato.it/senatore/29203	Salvatore Tito	Di Maggio	Membro	2013-03-19	17
http://dati.senato.it/gruppo/70	Scelta Civica per l'Italia	http://dati.senato.it/senatore/29129	Luigi	Marino	Membro	2013-03-19	17
http://dati.senato.it/gruppo/70	Scelta Civica per l'Italia	http://dati.senato.it/senatore/6472	Linda	Lanzillotta	Membro	2013-03-19	17
http://dati.senato.it/gruppo/70	Scelta Civica per l'Italia	http://dati.senato.it/senatore/22922	Benedetto	Della Vedova	Membro	2013-03-19	17
http://dati.senato.it/gruppo/70	Scelta Civica per l'Italia	http://dati.senato.it/senatore/28543	Mario	Monti	Membro	2013-03-19	17
http://dati.senato.it/gruppo/70	Scelta Civica per l'Italia	http://dati.senato.it/senatore/520	Pier Ferdinando	Casini	Membro	2013-03-19	17
http://dati.senato.it/gruppo/70	Scelta Civica per l'Italia	http://dati.senato.it/senatore/29135	Mario	Mauro	Presidente	2013-03-19	17
http://dati.senato.it/gruppo/70	Scelta Civica per l'Italia	http://dati.senato.it/senatore/22814	Antonio	De Poli	Vicepresidente	2013-03-19	17
http://dati.senato.it/gruppo/70	Scelta Civica per l'Italia	http://dati.senato.it/senatore/29169	Lucio	Romano	Membro	2013-03-19	17
http://dati.senato.it/gruppo/70	Scelta Civica per l'Italia	http://dati.senato.it/senatore/29089	Angela	D'Onghia	Membro	2013-03-19	17
http://dati.senato.it/gruppo/70	Scelta Civica per l'Italia	http://dati.senato.it/senatore/29171	Maurizio	Rossi	Membro	2013-03-19	17
http://dati.senato.it/gruppo/70	Scelta Civica per l'Italia	http://dati.senato.it/senatore/29148	Andrea	Olivero	Membro	2013-03-19	17
http://dati.senato.it/gruppo/70	Scelta Civica per l'Italia	http://dati.senato.it/senatore/23008	Maria Paola	Merloni	Membro	2013-03-19	17
http://dati.senato.it/gruppo/70	Scelta Civica per l'Italia	http://dati.senato.it/senatore/29187	Gianluca	Susta	Vicepresidente Vicario	2013-03-19	17
http://dati.senato.it/gruppo/70	Scelta Civica per l'Italia	http://dati.senato.it/senatore/29036	Gabriele	Albertini	Membro	2013-03-19	17
http://dati.senato.it/gruppo/70	Scelta Civica per l'Italia	http://dati.senato.it/senatore/29211	Stefania	Giannini	Segretario	2013-03-19	17
http://dati.senato.it/gruppo/70	Scelta Civica per l'Italia	http://dati.senato.it/senatore/29080	Gianpiero	Dalla Zuanna	Membro	2013-03-19	17
http://dati.senato.it/gruppo/70	Scelta Civica per l'Italia	http://dati.senato.it/senatore/25517	Aldo	Di Biagio	Membro	2013-03-19	17
http://dati.senato.it/gruppo/70	Scelta Civica per l'Italia	http://dati.senato.it/senatore/11320	Pietro	Ichino	Membro	2013-03-19	17
http://dati.senato.it/gruppo/70	Scelta Civica per l'Italia	http://dati.senato.it/senatore/29196	Claudio	Zin	Membro	2013-03-19	17
http://dati.senato.it/gruppo/69	Per le Autonomie (SVP, UV, PATT, UPT) - PSI	http://dati.senato.it/senatore/2553	Karl	Zeller	Presidente	2013-03-19	17
http://dati.senato.it/gruppo/69	Per le Autonomie (SVP, UV, PATT, UPT) - PSI	http://dati.senato.it/senatore/29045	Hans	Berger	Segretario	2013-03-19	17
http://dati.senato.it/gruppo/69	Per le Autonomie (SVP, UV, PATT, UPT) - PSI	http://dati.senato.it/senatore/29155	Francesco	Palermo	Membro	2013-03-19	17
http://dati.senato.it/gruppo/69	Per le Autonomie (SVP, UV, PATT, UPT) - PSI	http://dati.senato.it/senatore/29156	Franco	Panizza	Membro	2013-03-19	17
http://dati.senato.it/gruppo/69	Per le Autonomie (SVP, UV, PATT, UPT) - PSI	http://dati.senato.it/senatore/74	Giulio	Andreotti	Membro	2013-03-19	17
http://dati.senato.it/gruppo/69	Per le Autonomie (SVP, UV, PATT, UPT) - PSI	http://dati.senato.it/senatore/29121	Fausto	Longo	Membro	2013-03-19	17
http://dati.senato.it/gruppo/69	Per le Autonomie (SVP, UV, PATT, UPT) - PSI	http://dati.senato.it/senatore/29100	Vittorio	Fravezzi	Vicepresidente	2013-03-19	17
http://dati.senato.it/gruppo/69	Per le Autonomie (SVP, UV, PATT, UPT) - PSI	http://dati.senato.it/senatore/1686	Riccardo	Nencini	Vicepresidente Vicario	2013-03-19	17
http://dati.senato.it/gruppo/69	Per le Autonomie (SVP, UV, PATT, UPT) - PSI	http://dati.senato.it/senatore/29115	Albert	Laniece	Vicepresidente	2013-03-19	17
http://dati.senato.it/gruppo/69	Per le Autonomie (SVP, UV, PATT, UPT) - PSI	http://dati.senato.it/senatore/638	Emilio	Colombo	Membro	2013-03-19	17
http://dati.senato.it/gruppo/71	Movimento 5 Stelle	http://dati.senato.it/senatore/29104	Adele	Gambaro	Membro	2013-03-19	17
http://dati.senato.it/gruppo/71	Movimento 5 Stelle	http://dati.senato.it/senatore/29083	Cristina	De Pietro	Membro	2013-03-19	17
http://dati.senato.it/gruppo/71	Movimento 5 Stelle	http://dati.senato.it/senatore/29158	Bartolomeo	Pepe	Membro	2013-03-19	17
http://dati.senato.it/gruppo/71	Movimento 5 Stelle	http://dati.senato.it/senatore/29143	Nicola	Morra	Membro	2013-03-19	17
http://dati.senato.it/gruppo/71	Movimento 5 Stelle	http://dati.senato.it/senatore/29090	Daniela	Donno	Membro	2013-03-19	17
http://dati.senato.it/gruppo/71	Movimento 5 Stelle	http://dati.senato.it/senatore/29123	Stefano	Lucidi	Membro	2013-03-19	17
http://dati.senato.it/gruppo/71	Movimento 5 Stelle	http://dati.senato.it/senatore/29051	Fabrizio	Bocchino	Membro	2013-03-19	17
http://dati.senato.it/gruppo/71	Movimento 5 Stelle	http://dati.senato.it/senatore/29034	Alberto	Airola	Membro	2013-03-19	17
http://dati.senato.it/gruppo/71	Movimento 5 Stelle	http://dati.senato.it/senatore/29069	Lello	Ciampolillo	Membro	2013-03-19	17
http://dati.senato.it/gruppo/71	Movimento 5 Stelle	http://dati.senato.it/senatore/29146	Maria	Mussini	Membro	2013-03-19	17
http://dati.senato.it/gruppo/71	Movimento 5 Stelle	http://dati.senato.it/senatore/29177	Marco	Scibona	Membro	2013-03-19	17
http://dati.senato.it/gruppo/71	Movimento 5 Stelle	http://dati.senato.it/senatore/29154	Sara	Paglini	Membro	2013-03-19	17
http://dati.senato.it/gruppo/71	Movimento 5 Stelle	http://dati.senato.it/senatore/29139	Francesco	Molinari	Membro	2013-03-19	17
http://dati.senato.it/gruppo/71	Movimento 5 Stelle	http://dati.senato.it/senatore/29101	Serenella	Fucksia	Membro	2013-03-19	17
http://dati.senato.it/gruppo/71	Movimento 5 Stelle	http://dati.senato.it/senatore/29084	Paola	De Pin	Membro	2013-03-19	17
http://dati.senato.it/gruppo/71	Movimento 5 Stelle	http://dati.senato.it/senatore/29061	Enrico	Cappelletti	Membro	2013-03-19	17
http://dati.senato.it/gruppo/71	Movimento 5 Stelle	http://dati.senato.it/senatore/29133	Marino Germano	Mastrangeli	Membro	2013-03-19	17
http://dati.senato.it/gruppo/71	Movimento 5 Stelle	http://dati.senato.it/senatore/29174	Vincenzo	Santangelo	Membro	2013-03-19	17
http://dati.senato.it/gruppo/71	Movimento 5 Stelle	http://dati.senato.it/senatore/29056	Elisa	Bulgarelli	Membro	2013-03-19	17
http://dati.senato.it/gruppo/71	Movimento 5 Stelle	http://dati.senato.it/senatore/29193	Giuseppe	Vacciano	Membro	2013-03-19	17
http://dati.senato.it/gruppo/71	Movimento 5 Stelle	http://dati.senato.it/senatore/29074	Roberto	Cotti	Membro	2013-03-19	17
http://dati.senato.it/gruppo/71	Movimento 5 Stelle	http://dati.senato.it/senatore/29070	Andrea	Cioffi	Membro	2013-03-19	17
http://dati.senato.it/gruppo/71	Movimento 5 Stelle	http://dati.senato.it/senatore/29181	Ivana	Simeoni	Membro	2013-03-19	17
http://dati.senato.it/gruppo/71	Movimento 5 Stelle	http://dati.senato.it/senatore/29161	Vito Rosario	Petrocelli	Membro	2013-03-19	17
http://dati.senato.it/gruppo/71	Movimento 5 Stelle	http://dati.senato.it/senatore/29091	Giovanni	Endrizzi	Membro	2013-03-19	17
http://dati.senato.it/gruppo/71	Movimento 5 Stelle	http://dati.senato.it/senatore/29046	Ornella	Bertorotta	Membro	2013-03-19	17
http://dati.senato.it/gruppo/71	Movimento 5 Stelle	http://dati.senato.it/senatore/29044	Alessandra	Bencini	Membro	2013-03-19	17
http://dati.senato.it/gruppo/71	Movimento 5 Stelle	http://dati.senato.it/senatore/29038	Fabiola	Anitori	Membro	2013-03-19	17
http://dati.senato.it/gruppo/71	Movimento 5 Stelle	http://dati.senato.it/senatore/29106	Mario Michele	Giarrusso	Membro	2013-03-19	17
http://dati.senato.it/gruppo/71	Movimento 5 Stelle	http://dati.senato.it/senatore/29142	Vilma	Moronese	Membro	2013-03-19	17
http://dati.senato.it/gruppo/71	Movimento 5 Stelle	http://dati.senato.it/senatore/29189	Paola	Taverna	Membro	2013-03-19	17
http://dati.senato.it/gruppo/71	Movimento 5 Stelle	http://dati.senato.it/senatore/29075	Vito Claudio	Crimi	Presidente	2013-03-19	17
http://dati.senato.it/gruppo/71	Movimento 5 Stelle	http://dati.senato.it/senatore/29055	Maurizio	Buccarella	Membro	2013-03-19	17
http://dati.senato.it/gruppo/71	Movimento 5 Stelle	http://dati.senato.it/senatore/29093	Elena	Fattori	Membro	2013-03-19	17
http://dati.senato.it/gruppo/71	Movimento 5 Stelle	http://dati.senato.it/senatore/29102	Luigi	Gaetti	Membro	2013-03-19	17
http://dati.senato.it/gruppo/71	Movimento 5 Stelle	http://dati.senato.it/senatore/29164	Sergio	Puglia	Membro	2013-03-19	17
http://dati.senato.it/gruppo/71	Movimento 5 Stelle	http://dati.senato.it/senatore/29149	Luis Alberto	Orellana	Membro	2013-03-19	17
http://dati.senato.it/gruppo/71	Movimento 5 Stelle	http://dati.senato.it/senatore/29168	Maurizio	Romani	Membro	2013-03-19	17
http://dati.senato.it/gruppo/71	Movimento 5 Stelle	http://dati.senato.it/senatore/29147	Paola	Nugnes	Membro	2013-03-19	17
http://dati.senato.it/gruppo/71	Movimento 5 Stelle	http://dati.senato.it/senatore/29050	Rosetta Enza	Blundo	Membro	2013-03-19	17
http://dati.senato.it/gruppo/71	Movimento 5 Stelle	http://dati.senato.it/senatore/29058	Francesco	Campanella	Membro	2013-03-19	17
http://dati.senato.it/gruppo/71	Movimento 5 Stelle	http://dati.senato.it/senatore/29140	Michela	Montevecchi	Membro	2013-03-19	17
http://dati.senato.it/gruppo/71	Movimento 5 Stelle	http://dati.senato.it/senatore/29179	Manuela	Serra	Membro	2013-03-19	17
http://dati.senato.it/gruppo/71	Movimento 5 Stelle	http://dati.senato.it/senatore/29048	Laura	Bignami	Membro	2013-03-19	17
http://dati.senato.it/gruppo/71	Movimento 5 Stelle	http://dati.senato.it/senatore/29130	Carlo	Martelli	Membro	2013-03-19	17
http://dati.senato.it/gruppo/71	Movimento 5 Stelle	http://dati.senato.it/senatore/29065	Gianluca	Castaldi	Membro	2013-03-19	17
http://dati.senato.it/gruppo/71	Movimento 5 Stelle	http://dati.senato.it/senatore/29117	Barbara	Lezzi	Membro	2013-03-19	17
http://dati.senato.it/gruppo/71	Movimento 5 Stelle	http://dati.senato.it/senatore/29108	Gianni Pietro	Girotto	Membro	2013-03-19	17
http://dati.senato.it/gruppo/71	Movimento 5 Stelle	http://dati.senato.it/senatore/29053	Laura	Bottici	Membro	2013-03-19	17
http://dati.senato.it/gruppo/71	Movimento 5 Stelle	http://dati.senato.it/senatore/29042	Lorenzo	Battista	Membro	2013-03-19	17
http://dati.senato.it/gruppo/71	Movimento 5 Stelle	http://dati.senato.it/senatore/29066	Nunzia	Catalfo	Membro	2013-03-19	17
http://dati.senato.it/gruppo/71	Movimento 5 Stelle	http://dati.senato.it/senatore/29064	Monica	Casaletto	Membro	2013-03-19	17
http://dati.senato.it/gruppo/71	Movimento 5 Stelle	http://dati.senato.it/senatore/29132	Bruno	Marton	Membro	2013-03-19	17
http://dati.senato.it/gruppo/72	Grandi Autonomie e Libertà	http://dati.senato.it/senatore/17704	Giovanni	Mauro	Membro	2013-03-20	17
http://dati.senato.it/gruppo/72	Grandi Autonomie e Libertà	http://dati.senato.it/senatore/29049	Giovanni	Bilardi	Membro	2013-03-20	17
http://dati.senato.it/gruppo/72	Grandi Autonomie e Libertà	http://dati.senato.it/senatore/961	Mario	Ferrara	Presidente	2013-03-20	17
http://dati.senato.it/gruppo/72	Grandi Autonomie e Libertà	http://dati.senato.it/senatore/22863	Lucio	Barani	Membro	2013-03-20	17
http://dati.senato.it/gruppo/72	Grandi Autonomie e Libertà	http://dati.senato.it/senatore/17552	Laura	Bianconi	Membro	2013-03-20	17
http://dati.senato.it/gruppo/72	Grandi Autonomie e Libertà	http://dati.senato.it/senatore/29073	Giuseppe	Compagnone	Membro	2013-03-20	17
http://dati.senato.it/gruppo/72	Grandi Autonomie e Libertà	http://dati.senato.it/senatore/2214	Antonio	Scavone	Membro	2013-03-20	17
http://dati.senato.it/gruppo/72	Grandi Autonomie e Libertà	http://dati.senato.it/senatore/25359	Jonny	Crosio	Membro	2013-03-20	17
http://dati.senato.it/gruppo/72	Grandi Autonomie e Libertà	http://dati.senato.it/senatore/29067	Gian Marco	Centinaio	Membro	2013-03-20	17
http://dati.senato.it/gruppo/72	Grandi Autonomie e Libertà	http://dati.senato.it/senatore/656	Luigi	Compagna	Membro	2013-03-20	17
http://dati.senato.it/gruppo/49	Partito Democratico	http://dati.senato.it/senatore/29398	Alan	Ferrari	Membro	2018-03-27	18
http://dati.senato.it/gruppo/49	Partito Democratico	http://dati.senato.it/senatore/29105	Francesco	Giacobbe	Membro	2018-03-27	18
http://dati.senato.it/gruppo/49	Partito Democratico	http://dati.senato.it/senatore/28924	Francesco	Verducci	Membro	2018-03-27	18
http://dati.senato.it/gruppo/49	Partito Democratico	http://dati.senato.it/senatore/20658	Luigi	Zanda	Membro	2018-03-27	18
http://dati.senato.it/gruppo/49	Partito Democratico	http://dati.senato.it/senatore/4522	Gianni	Pittella	Membro	2018-03-27	18
http://dati.senato.it/gruppo/49	Partito Democratico	http://dati.senato.it/senatore/30742	Matteo	Renzi	Membro	2018-03-27	18
http://dati.senato.it/gruppo/49	Partito Democratico	http://dati.senato.it/senatore/29358	Vincenzo	D'Arienzo	Membro	2018-03-27	18
http://dati.senato.it/gruppo/49	Partito Democratico	http://dati.senato.it/senatore/32669	Assuntela	Messina	Membro	2018-03-27	18
http://dati.senato.it/gruppo/49	Partito Democratico	http://dati.senato.it/senatore/29107	Nadia	Ginetti	Membro	2018-03-27	18
http://dati.senato.it/gruppo/49	Partito Democratico	http://dati.senato.it/senatore/25402	Daniela	Sbrollini	Membro	2018-03-27	18
http://dati.senato.it/gruppo/49	Partito Democratico	http://dati.senato.it/senatore/29186	Dario	Stefano	Membro	2018-03-27	18
http://dati.senato.it/gruppo/49	Partito Democratico	http://dati.senato.it/senatore/29072	Stefano	Collina	Membro	2018-03-27	18
http://dati.senato.it/gruppo/49	Partito Democratico	http://dati.senato.it/senatore/29524	Edoardo	Patriarca	Membro	2018-03-27	18
http://dati.senato.it/gruppo/49	Partito Democratico	http://dati.senato.it/senatore/29040	Bruno	Astorre	Membro	2018-03-27	18
http://dati.senato.it/gruppo/49	Partito Democratico	http://dati.senato.it/senatore/29555	Matteo	Richetti	Membro	2018-03-27	18
http://dati.senato.it/gruppo/49	Partito Democratico	http://dati.senato.it/senatore/29521	Dario	Parrini	Membro	2018-03-27	18
http://dati.senato.it/gruppo/49	Partito Democratico	http://dati.senato.it/senatore/18499	Monica	Cirinna'	Membro	2018-03-27	18
http://dati.senato.it/gruppo/49	Partito Democratico	http://dati.senato.it/senatore/32632	Andrea	Ferrazzi	Membro	2018-03-27	18
http://dati.senato.it/gruppo/49	Partito Democratico	http://dati.senato.it/senatore/32643	Leonardo	Grimani	Membro	2018-03-27	18
http://dati.senato.it/gruppo/49	Partito Democratico	http://dati.senato.it/senatore/32610	Luciano	D'Alfonso	Membro	2018-03-27	18
http://dati.senato.it/gruppo/49	Partito Democratico	http://dati.senato.it/senatore/22865	Teresa	Bellanova	Membro	2018-03-27	18
http://dati.senato.it/gruppo/49	Partito Democratico	http://dati.senato.it/senatore/29604	Valeria	Valente	Membro	2018-03-27	18
http://dati.senato.it/gruppo/49	Partito Democratico	http://dati.senato.it/senatore/17750	Roberta	Pinotti	Membro	2018-03-27	18
http://dati.senato.it/gruppo/49	Partito Democratico	http://dati.senato.it/senatore/23011	Antonio	Misiani	Membro	2018-03-27	18
http://dati.senato.it/gruppo/49	Partito Democratico	http://dati.senato.it/senatore/29194	Vito	Vattuone	Membro	2018-03-27	18
http://dati.senato.it/gruppo/49	Partito Democratico	http://dati.senato.it/senatore/32746	Eugenio	Comincini	Membro	2018-03-27	18
http://dati.senato.it/gruppo/49	Partito Democratico	http://dati.senato.it/senatore/29591	Mino	Taricco	Membro	2018-03-27	18
http://dati.senato.it/gruppo/49	Partito Democratico	http://dati.senato.it/senatore/32578	Alessandro	Alfieri	Membro	2018-03-27	18
http://dati.senato.it/gruppo/49	Partito Democratico	http://dati.senato.it/senatore/32703	Tatjana	Rojc	Membro	2018-03-27	18
http://dati.senato.it/gruppo/49	Partito Democratico	http://dati.senato.it/senatore/29464	Ernesto	Magorno	Membro	2018-03-27	18
http://dati.senato.it/gruppo/49	Partito Democratico	http://dati.senato.it/senatore/29138	Franco	Mirabelli	Membro	2018-03-27	18
http://dati.senato.it/gruppo/49	Partito Democratico	http://dati.senato.it/senatore/32651	Mauro Antonio Donato	Laus	Membro	2018-03-27	18
http://dati.senato.it/gruppo/49	Partito Democratico	http://dati.senato.it/senatore/26041	Valeria	Fedeli	Membro	2018-03-27	18
http://dati.senato.it/gruppo/49	Partito Democratico	http://dati.senato.it/senatore/1458	Andrea	Marcucci	Presidente	2018-03-27	18
http://dati.senato.it/gruppo/49	Partito Democratico	http://dati.senato.it/senatore/25498	Laura	Garavini	Membro	2018-03-27	18
http://dati.senato.it/gruppo/49	Partito Democratico	http://dati.senato.it/senatore/29282	Caterina	Bini	Membro	2018-03-27	18
http://dati.senato.it/gruppo/49	Partito Democratico	http://dati.senato.it/senatore/32602	Tommaso	Cerno	Membro	2018-03-27	18
http://dati.senato.it/gruppo/49	Partito Democratico	http://dati.senato.it/senatore/32719	Valeria	Sudano	Membro	2018-03-27	18
http://dati.senato.it/gruppo/49	Partito Democratico	http://dati.senato.it/senatore/29443	Vanna	Iori	Membro	2018-03-27	18
http://dati.senato.it/gruppo/49	Partito Democratico	http://dati.senato.it/senatore/32588	Caterina	Biti	Membro	2018-03-27	18
http://dati.senato.it/gruppo/49	Partito Democratico	http://dati.senato.it/senatore/31572	Tommaso	Nannicini	Membro	2018-03-27	18
http://dati.senato.it/gruppo/49	Partito Democratico	http://dati.senato.it/senatore/23135	Salvatore	Margiotta	Membro	2018-03-27	18
http://dati.senato.it/gruppo/49	Partito Democratico	http://dati.senato.it/senatore/29395	Davide	Faraone	Membro	2018-03-27	18
http://dati.senato.it/gruppo/49	Partito Democratico	http://dati.senato.it/senatore/29288	Francesco	Bonifazi	Membro	2018-03-27	18
http://dati.senato.it/gruppo/49	Partito Democratico	http://dati.senato.it/senatore/21507	Mauro Maria	Marino	Membro	2018-03-27	18
http://dati.senato.it/gruppo/49	Partito Democratico	http://dati.senato.it/senatore/32660	Daniele	Manca	Membro	2018-03-27	18
http://dati.senato.it/gruppo/49	Partito Democratico	http://dati.senato.it/senatore/25411	Anna	Rossomando	Membro	2018-03-27	18
http://dati.senato.it/gruppo/49	Partito Democratico	http://dati.senato.it/senatore/29467	Simona Flavia	Malpezzi	Membro	2018-03-27	18
http://dati.senato.it/gruppo/49	Partito Democratico	http://dati.senato.it/senatore/29157	Annamaria	Parente	Membro	2018-03-27	18
http://dati.senato.it/gruppo/49	Partito Democratico	http://dati.senato.it/senatore/29076	Giuseppe Luigi Salvatore	Cucca	Membro	2018-03-27	18
http://dati.senato.it/gruppo/49	Partito Democratico	http://dati.senato.it/senatore/29552	Roberto	Rampi	Membro	2018-03-27	18
http://dati.senato.it/gruppo/49	Partito Democratico	http://dati.senato.it/senatore/31143	Paola	Boldrini	Membro	2018-03-27	18
http://dati.senato.it/gruppo/9	Misto	http://dati.senato.it/senatore/23007	Ricardo Antonio	Merlo	Membro	2018-03-27	18
http://dati.senato.it/gruppo/9	Misto	http://dati.senato.it/senatore/29055	Maurizio	Buccarella	Vicepresidente	2018-03-27	18
http://dati.senato.it/gruppo/9	Misto	http://dati.senato.it/senatore/29450	Francesco	Laforgia	Membro	2018-03-27	18
http://dati.senato.it/gruppo/9	Misto	http://dati.senato.it/senatore/29130	Carlo	Martelli	Membro	2018-03-27	18
http://dati.senato.it/gruppo/9	Misto	http://dati.senato.it/senatore/28543	Mario	Monti	Membro	2018-03-27	18
http://dati.senato.it/gruppo/9	Misto	http://dati.senato.it/senatore/321	Emma	Bonino	Membro	2018-03-27	18
http://dati.senato.it/gruppo/9	Misto	http://dati.senato.it/senatore/32745	Adriano	Cario	Membro	2018-03-27	18
http://dati.senato.it/gruppo/9	Misto	http://dati.senato.it/senatore/32435	Liliana	Segre	Membro	2018-03-27	18
http://dati.senato.it/gruppo/9	Misto	http://dati.senato.it/senatore/29110	Pietro	Grasso	Membro	2018-03-27	18
http://dati.senato.it/gruppo/9	Misto	http://dati.senato.it/senatore/17578	Loredana	De Petris	Presidente	2018-03-27	18
http://dati.senato.it/gruppo/9	Misto	http://dati.senato.it/senatore/32625	Vasco	Errani	Membro	2018-03-27	18
http://dati.senato.it/gruppo/9	Misto	http://dati.senato.it/senatore/1686	Riccardo	Nencini	Vicepresidente	2018-03-27	18
http://dati.senato.it/gruppo/33	Lega-Salvini Premier	http://dati.senato.it/senatore/32712	Paolo	Saviane	Membro	2018-03-27	18
http://dati.senato.it/gruppo/33	Lega-Salvini Premier	http://dati.senato.it/senatore/32599	Marzia	Casolati	Membro	2018-03-27	18
http://dati.senato.it/gruppo/33	Lega-Salvini Premier	http://dati.senato.it/senatore/22717	Anna Cinzia	Bonfrisco	Membro	2018-03-27	18
http://dati.senato.it/gruppo/33	Lega-Salvini Premier	http://dati.senato.it/senatore/32686	Simona	Pergreffi	Membro	2018-03-27	18
http://dati.senato.it/gruppo/33	Lega-Salvini Premier	http://dati.senato.it/senatore/30915	Paolo	Tosato	Membro	2018-03-27	18
http://dati.senato.it/gruppo/33	Lega-Salvini Premier	http://dati.senato.it/senatore/29480	Roberto	Marti	Membro	2018-03-27	18
http://dati.senato.it/gruppo/33	Lega-Salvini Premier	http://dati.senato.it/senatore/32695	Nadia	Pizzol	Membro	2018-03-27	18
http://dati.senato.it/gruppo/33	Lega-Salvini Premier	http://dati.senato.it/senatore/32582	Alberto	Bagnai	Membro	2018-03-27	18
http://dati.senato.it/gruppo/33	Lega-Salvini Premier	http://dati.senato.it/senatore/32590	Lucia	Borgonzoni	Vicepresidente	2018-03-27	18
http://dati.senato.it/gruppo/33	Lega-Salvini Premier	http://dati.senato.it/senatore/32750	Tiziana	Nisini	Membro	2018-03-27	18
http://dati.senato.it/gruppo/33	Lega-Salvini Premier	http://dati.senato.it/senatore/22877	Giulia	Bongiorno	Membro	2018-03-27	18
http://dati.senato.it/gruppo/33	Lega-Salvini Premier	http://dati.senato.it/senatore/32713	Rosellina	Sbrana	Membro	2018-03-27	18
http://dati.senato.it/gruppo/33	Lega-Salvini Premier	http://dati.senato.it/senatore/29292	Stefano	Borghesi	Tesoriere	2018-03-27	18
http://dati.senato.it/gruppo/33	Lega-Salvini Premier	http://dati.senato.it/senatore/32598	Maria Cristina	Cantu'	Membro	2018-03-27	18
http://dati.senato.it/gruppo/33	Lega-Salvini Premier	http://dati.senato.it/senatore/29067	Gian Marco	Centinaio	Presidente	2018-03-27	18
http://dati.senato.it/gruppo/33	Lega-Salvini Premier	http://dati.senato.it/senatore/32733	Cristiano	Zuliani	Membro	2018-03-27	18
http://dati.senato.it/gruppo/33	Lega-Salvini Premier	http://dati.senato.it/senatore/422	Roberto	Calderoli	Membro	2018-03-27	18
http://dati.senato.it/gruppo/33	Lega-Salvini Premier	http://dati.senato.it/senatore/32702	Paolo	Ripamonti	Membro	2018-03-27	18
http://dati.senato.it/gruppo/33	Lega-Salvini Premier	http://dati.senato.it/senatore/32627	Antonella	Faggi	Membro	2018-03-27	18
http://dati.senato.it/gruppo/33	Lega-Salvini Premier	http://dati.senato.it/senatore/32677	Andrea	Ostellari	Membro	2018-03-27	18
http://dati.senato.it/gruppo/33	Lega-Salvini Premier	http://dati.senato.it/senatore/32683	Emanuele	Pellegrini	Membro	2018-03-27	18
http://dati.senato.it/gruppo/33	Lega-Salvini Premier	http://dati.senato.it/senatore/32635	Sonia	Fregolent	Membro	2018-03-27	18
http://dati.senato.it/gruppo/33	Lega-Salvini Premier	http://dati.senato.it/senatore/32636	Umberto	Fusco	Membro	2018-03-27	18
http://dati.senato.it/gruppo/33	Lega-Salvini Premier	http://dati.senato.it/senatore/25565	Claudio	Barbaro	Membro	2018-03-27	18
http://dati.senato.it/gruppo/33	Lega-Salvini Premier	http://dati.senato.it/senatore/32694	Pietro	Pisani	Membro	2018-03-27	18
http://dati.senato.it/gruppo/33	Lega-Salvini Premier	http://dati.senato.it/senatore/32751	Cesare	Pianasso	Membro	2018-03-27	18
http://dati.senato.it/gruppo/33	Lega-Salvini Premier	http://dati.senato.it/senatore/32690	Simone	Pillon	Membro	2018-03-27	18
http://dati.senato.it/gruppo/33	Lega-Salvini Premier	http://dati.senato.it/senatore/32664	Raffaella Fiormaria	Marin	Membro	2018-03-27	18
http://dati.senato.it/gruppo/33	Lega-Salvini Premier	http://dati.senato.it/senatore/32633	Roberta	Ferrero	Membro	2018-03-27	18
http://dati.senato.it/gruppo/33	Lega-Salvini Premier	http://dati.senato.it/senatore/18562	Daisy	Pirovano	Membro	2018-03-27	18
http://dati.senato.it/gruppo/33	Lega-Salvini Premier	http://dati.senato.it/senatore/29039	Paolo	Arrigoni	Membro	2018-03-27	18
http://dati.senato.it/gruppo/33	Lega-Salvini Premier	http://dati.senato.it/senatore/32685	Pasquale	Pepe	Membro	2018-03-27	18
http://dati.senato.it/gruppo/33	Lega-Salvini Premier	http://dati.senato.it/senatore/25415	Erica	Rivolta	Membro	2018-03-27	18
http://dati.senato.it/gruppo/33	Lega-Salvini Premier	http://dati.senato.it/senatore/32591	Simone	Bossi	Membro	2018-03-27	18
http://dati.senato.it/gruppo/33	Lega-Salvini Premier	http://dati.senato.it/senatore/32586	Giorgio Maria	Bergesio	Membro	2018-03-27	18
http://dati.senato.it/gruppo/33	Lega-Salvini Premier	http://dati.senato.it/senatore/32697	Stefania	Pucciarelli	Membro	2018-03-27	18
http://dati.senato.it/gruppo/33	Lega-Salvini Premier	http://dati.senato.it/senatore/32711	Maria	Saponara	Membro	2018-03-27	18
http://dati.senato.it/gruppo/33	Lega-Salvini Premier	http://dati.senato.it/senatore/32715	Armando	Siri	Membro	2018-03-27	18
http://dati.senato.it/gruppo/33	Lega-Salvini Premier	http://dati.senato.it/senatore/32596	Massimo	Candura	Membro	2018-03-27	18
http://dati.senato.it/gruppo/33	Lega-Salvini Premier	http://dati.senato.it/senatore/25295	Mario	Pittoni	Membro	2018-03-27	18
http://dati.senato.it/gruppo/33	Lega-Salvini Premier	http://dati.senato.it/senatore/32716	Christian	Solinas	Vicepresidente	2018-03-27	18
http://dati.senato.it/gruppo/33	Lega-Salvini Premier	http://dati.senato.it/senatore/32743	Francesco	Bruzzone	Membro	2018-03-27	18
http://dati.senato.it/gruppo/33	Lega-Salvini Premier	http://dati.senato.it/senatore/32753	Manuel	Vescovi	Membro	2018-03-27	18
http://dati.senato.it/gruppo/33	Lega-Salvini Premier	http://dati.senato.it/senatore/29185	Erika	Stefani	Vicepresidente	2018-03-27	18
http://dati.senato.it/gruppo/33	Lega-Salvini Premier	http://dati.senato.it/senatore/32720	Donatella	Tesei	Membro	2018-03-27	18
http://dati.senato.it/gruppo/33	Lega-Salvini Premier	http://dati.senato.it/senatore/32646	Tony Chike	Iwobi	Membro	2018-03-27	18
http://dati.senato.it/gruppo/33	Lega-Salvini Premier	http://dati.senato.it/senatore/32595	Maurizio	Campari	Membro	2018-03-27	18
http://dati.senato.it/gruppo/33	Lega-Salvini Premier	http://dati.senato.it/senatore/25407	Matteo	Salvini	Membro	2018-03-27	18
http://dati.senato.it/gruppo/33	Lega-Salvini Premier	http://dati.senato.it/senatore/32748	William	De Vecchis	Membro	2018-03-27	18
http://dati.senato.it/gruppo/33	Lega-Salvini Premier	http://dati.senato.it/senatore/25218	Gianpaolo	Vallardi	Membro	2018-03-27	18
http://dati.senato.it/gruppo/33	Lega-Salvini Premier	http://dati.senato.it/senatore/19244	Luigi	Augussori	Membro	2018-03-27	18
http://dati.senato.it/gruppo/33	Lega-Salvini Premier	http://dati.senato.it/senatore/29059	Stefano	Candiani	Vicepresidente Vicario	2018-03-27	18
http://dati.senato.it/gruppo/33	Lega-Salvini Premier	http://dati.senato.it/senatore/356	Umberto	Bossi	Membro	2018-03-27	18
http://dati.senato.it/gruppo/33	Lega-Salvini Premier	http://dati.senato.it/senatore/23015	Enrico	Montani	Membro	2018-03-27	18
http://dati.senato.it/gruppo/33	Lega-Salvini Premier	http://dati.senato.it/senatore/32593	Luca	Briziarelli	Membro	2018-03-27	18
http://dati.senato.it/gruppo/33	Lega-Salvini Premier	http://dati.senato.it/senatore/32682	Giuliano	Pazzaglini	Membro	2018-03-27	18
http://dati.senato.it/gruppo/33	Lega-Salvini Premier	http://dati.senato.it/senatore/32752	Gianfranco	Rufa	Membro	2018-03-27	18
http://dati.senato.it/gruppo/33	Lega-Salvini Premier	http://dati.senato.it/senatore/32706	Massimiliano	Romeo	Membro	2018-03-27	18
http://dati.senato.it/gruppo/71	MoVimento 5 Stelle	http://dati.senato.it/senatore/32662	Maria Laura	Mantovani	Membro	2018-03-27	18
http://dati.senato.it/gruppo/71	MoVimento 5 Stelle	http://dati.senato.it/senatore/32698	Ruggiero	Quarto	Membro	2018-03-27	18
http://dati.senato.it/gruppo/71	MoVimento 5 Stelle	http://dati.senato.it/senatore/32692	Giuseppe	Pisani	Membro	2018-03-27	18
http://dati.senato.it/gruppo/71	MoVimento 5 Stelle	http://dati.senato.it/senatore/32614	Saverio	De Bonis	Membro	2018-03-27	18
http://dati.senato.it/gruppo/71	MoVimento 5 Stelle	http://dati.senato.it/senatore/32681	Stefano	Patuanelli	Vicepresidente	2018-03-27	18
http://dati.senato.it/gruppo/71	MoVimento 5 Stelle	http://dati.senato.it/senatore/32654	Arnaldo	Lomuti	Membro	2018-03-27	18
http://dati.senato.it/gruppo/71	MoVimento 5 Stelle	http://dati.senato.it/senatore/32621	Primo	Di Nicola	Membro	2018-03-27	18
http://dati.senato.it/gruppo/71	MoVimento 5 Stelle	http://dati.senato.it/senatore/32648	Virginia	La Mura	Membro	2018-03-27	18
http://dati.senato.it/gruppo/71	MoVimento 5 Stelle	http://dati.senato.it/senatore/32630	Emiliano	Fenu	Membro	2018-03-27	18
http://dati.senato.it/gruppo/71	MoVimento 5 Stelle	http://dati.senato.it/senatore/29053	Laura	Bottici	Membro	2018-03-27	18
http://dati.senato.it/gruppo/71	MoVimento 5 Stelle	http://dati.senato.it/senatore/32580	Luisa	Angrisani	Membro	2018-03-27	18
http://dati.senato.it/gruppo/71	MoVimento 5 Stelle	http://dati.senato.it/senatore/32710	Agostino	Santillo	Membro	2018-03-27	18
http://dati.senato.it/gruppo/71	MoVimento 5 Stelle	http://dati.senato.it/senatore/29108	Gianni Pietro	Girotto	Membro	2018-03-27	18
http://dati.senato.it/gruppo/71	MoVimento 5 Stelle	http://dati.senato.it/senatore/29123	Stefano	Lucidi	Membro	2018-03-27	18
http://dati.senato.it/gruppo/71	MoVimento 5 Stelle	http://dati.senato.it/senatore/32600	Maria Domenica	Castellone	Membro	2018-03-27	18
http://dati.senato.it/gruppo/71	MoVimento 5 Stelle	http://dati.senato.it/senatore/32663	Gianni	Marilotti	Membro	2018-03-27	18
http://dati.senato.it/gruppo/71	MoVimento 5 Stelle	http://dati.senato.it/senatore/32644	Barbara	Guidolin	Membro	2018-03-27	18
http://dati.senato.it/gruppo/71	MoVimento 5 Stelle	http://dati.senato.it/senatore/32665	Gaspare Antonio	Marinello	Membro	2018-03-27	18
http://dati.senato.it/gruppo/71	MoVimento 5 Stelle	http://dati.senato.it/senatore/29065	Gianluca	Castaldi	Segretario	2018-03-27	18
http://dati.senato.it/gruppo/71	MoVimento 5 Stelle	http://dati.senato.it/senatore/32617	Danila	De Lucia	Membro	2018-03-27	18
http://dati.senato.it/gruppo/71	MoVimento 5 Stelle	http://dati.senato.it/senatore/32730	Orietta	Vanin	Membro	2018-03-27	18
http://dati.senato.it/gruppo/71	MoVimento 5 Stelle	http://dati.senato.it/senatore/32641	Bianca Laura	Granato	Membro	2018-03-27	18
http://dati.senato.it/gruppo/71	MoVimento 5 Stelle	http://dati.senato.it/senatore/29143	Nicola	Morra	Membro	2018-03-27	18
http://dati.senato.it/gruppo/71	MoVimento 5 Stelle	http://dati.senato.it/senatore/32631	Gianluca	Ferrara	Membro	2018-03-27	18
http://dati.senato.it/gruppo/71	MoVimento 5 Stelle	http://dati.senato.it/senatore/29142	Vilma	Moronese	Vicepresidente	2018-03-27	18
http://dati.senato.it/gruppo/71	MoVimento 5 Stelle	http://dati.senato.it/senatore/29070	Andrea	Cioffi	Membro	2018-03-27	18
http://dati.senato.it/gruppo/71	MoVimento 5 Stelle	http://dati.senato.it/senatore/32749	Fabio	Di Micco	Membro	2018-03-27	18
http://dati.senato.it/gruppo/71	MoVimento 5 Stelle	http://dati.senato.it/senatore/29090	Daniela	Donno	Membro	2018-03-27	18
http://dati.senato.it/gruppo/71	MoVimento 5 Stelle	http://dati.senato.it/senatore/29164	Sergio	Puglia	Segretario	2018-03-27	18
http://dati.senato.it/gruppo/71	MoVimento 5 Stelle	http://dati.senato.it/senatore/29161	Vito Rosario	Petrocelli	Membro	2018-03-27	18
http://dati.senato.it/gruppo/71	MoVimento 5 Stelle	http://dati.senato.it/senatore/32701	Sabrina	Ricciardi	Membro	2018-03-27	18
http://dati.senato.it/gruppo/71	MoVimento 5 Stelle	http://dati.senato.it/senatore/32676	Franco	Ortolani	Membro	2018-03-27	18
http://dati.senato.it/gruppo/71	MoVimento 5 Stelle	http://dati.senato.it/senatore/29174	Vincenzo	Santangelo	Segretario	2018-03-27	18
http://dati.senato.it/gruppo/71	MoVimento 5 Stelle	http://dati.senato.it/senatore/32629	Giorgio	Fede	Membro	2018-03-27	18
http://dati.senato.it/gruppo/71	MoVimento 5 Stelle	http://dati.senato.it/senatore/29075	Vito Claudio	Crimi	Vicepresidente Vicario	2018-03-27	18
http://dati.senato.it/gruppo/71	MoVimento 5 Stelle	http://dati.senato.it/senatore/29066	Nunzia	Catalfo	Tesoriere	2018-03-27	18
http://dati.senato.it/gruppo/71	MoVimento 5 Stelle	http://dati.senato.it/senatore/32674	Simona Nunzia	Nocerino	Membro	2018-03-27	18
http://dati.senato.it/gruppo/71	MoVimento 5 Stelle	http://dati.senato.it/senatore/32652	Cinzia	Leone	Membro	2018-03-27	18
http://dati.senato.it/gruppo/71	MoVimento 5 Stelle	http://dati.senato.it/senatore/32667	Susy	Matrisciano	Membro	2018-03-27	18
http://dati.senato.it/gruppo/71	MoVimento 5 Stelle	http://dati.senato.it/senatore/32639	Vincenzo	Garruti	Membro	2018-03-27	18
http://dati.senato.it/gruppo/71	MoVimento 5 Stelle	http://dati.senato.it/senatore/32684	Marco	Pellegrini	Membro	2018-03-27	18
http://dati.senato.it/gruppo/71	MoVimento 5 Stelle	http://dati.senato.it/senatore/32726	Mario	Turco	Membro	2018-03-27	18
http://dati.senato.it/gruppo/71	MoVimento 5 Stelle	http://dati.senato.it/senatore/32594	Antonella	Campagna	Membro	2018-03-27	18
http://dati.senato.it/gruppo/71	MoVimento 5 Stelle	http://dati.senato.it/senatore/32592	Elena	Botto	Membro	2018-03-27	18
http://dati.senato.it/gruppo/71	MoVimento 5 Stelle	http://dati.senato.it/senatore/32640	Felicia	Gaudiano	Membro	2018-03-27	18
http://dati.senato.it/gruppo/71	MoVimento 5 Stelle	http://dati.senato.it/senatore/32655	Pietro	Lorefice	Membro	2018-03-27	18
http://dati.senato.it/gruppo/71	MoVimento 5 Stelle	http://dati.senato.it/senatore/32577	Rossella	Accoto	Membro	2018-03-27	18
http://dati.senato.it/gruppo/71	MoVimento 5 Stelle	http://dati.senato.it/senatore/32673	Gisella	Naturale	Membro	2018-03-27	18
http://dati.senato.it/gruppo/71	MoVimento 5 Stelle	http://dati.senato.it/senatore/32680	Gianluigi	Paragone	Membro	2018-03-27	18
http://dati.senato.it/gruppo/71	MoVimento 5 Stelle	http://dati.senato.it/senatore/29069	Lello	Ciampolillo	Membro	2018-03-27	18
http://dati.senato.it/gruppo/71	MoVimento 5 Stelle	http://dati.senato.it/senatore/32649	Gabriele	Lanzi	Membro	2018-03-27	18
http://dati.senato.it/gruppo/71	MoVimento 5 Stelle	http://dati.senato.it/senatore/29189	Paola	Taverna	Membro	2018-03-27	18
http://dati.senato.it/gruppo/71	MoVimento 5 Stelle	http://dati.senato.it/senatore/32670	Cataldo	Mininno	Membro	2018-03-27	18
http://dati.senato.it/gruppo/71	MoVimento 5 Stelle	http://dati.senato.it/senatore/32581	Giuseppe	Auddino	Membro	2018-03-27	18
http://dati.senato.it/gruppo/71	MoVimento 5 Stelle	http://dati.senato.it/senatore/32634	Barbara	Floridia	Membro	2018-03-27	18
http://dati.senato.it/gruppo/71	MoVimento 5 Stelle	http://dati.senato.it/senatore/32709	Loredana	Russo	Membro	2018-03-27	18
http://dati.senato.it/gruppo/71	MoVimento 5 Stelle	http://dati.senato.it/senatore/32656	Giulia	Lupo	Membro	2018-03-27	18
http://dati.senato.it/gruppo/71	MoVimento 5 Stelle	http://dati.senato.it/senatore/32626	Elvira Lucia	Evangelista	Membro	2018-03-27	18
http://dati.senato.it/gruppo/71	MoVimento 5 Stelle	http://dati.senato.it/senatore/32601	Francesco	Castiello	Membro	2018-03-27	18
http://dati.senato.it/gruppo/71	MoVimento 5 Stelle	http://dati.senato.it/senatore/32642	Ugo	Grassi	Membro	2018-03-27	18
http://dati.senato.it/gruppo/71	MoVimento 5 Stelle	http://dati.senato.it/senatore/32725	Fabrizio	Trentacoste	Membro	2018-03-27	18
http://dati.senato.it/gruppo/71	MoVimento 5 Stelle	http://dati.senato.it/senatore/32579	Cristiano	Anastasi	Membro	2018-03-27	18
http://dati.senato.it/gruppo/71	MoVimento 5 Stelle	http://dati.senato.it/senatore/32672	Francesco	Mollame	Membro	2018-03-27	18
http://dati.senato.it/gruppo/71	MoVimento 5 Stelle	http://dati.senato.it/senatore/32623	Tiziana Carmela Rosaria	Drago	Membro	2018-03-27	18
http://dati.senato.it/gruppo/71	MoVimento 5 Stelle	http://dati.senato.it/senatore/32728	Francesco	Urraro	Membro	2018-03-27	18
http://dati.senato.it/gruppo/71	MoVimento 5 Stelle	http://dati.senato.it/senatore/29091	Giovanni	Endrizzi	Membro	2018-03-27	18
http://dati.senato.it/gruppo/71	MoVimento 5 Stelle	http://dati.senato.it/senatore/32606	Gianmarco	Corbetta	Membro	2018-03-27	18
http://dati.senato.it/gruppo/71	MoVimento 5 Stelle	http://dati.senato.it/senatore/32612	Grazia	D'Angelo	Membro	2018-03-27	18
http://dati.senato.it/gruppo/71	MoVimento 5 Stelle	http://dati.senato.it/senatore/32687	Gianluca	Perilli	Vicepresidente	2018-03-27	18
http://dati.senato.it/gruppo/71	MoVimento 5 Stelle	http://dati.senato.it/senatore/32678	Marinella	Pacifico	Membro	2018-03-27	18
http://dati.senato.it/gruppo/71	MoVimento 5 Stelle	http://dati.senato.it/senatore/32618	Emanuele	Dessi'	Membro	2018-03-27	18
http://dati.senato.it/gruppo/71	MoVimento 5 Stelle	http://dati.senato.it/senatore/32589	Vittoria Francesca Maria	Bogo Deledda	Membro	2018-03-27	18
http://dati.senato.it/gruppo/71	MoVimento 5 Stelle	http://dati.senato.it/senatore/29140	Michela	Montevecchi	Membro	2018-03-27	18
http://dati.senato.it/gruppo/71	MoVimento 5 Stelle	http://dati.senato.it/senatore/32616	Gianmauro	Dell'Olio	Membro	2018-03-27	18
http://dati.senato.it/gruppo/71	MoVimento 5 Stelle	http://dati.senato.it/senatore/32691	Elisa	Pirro	Membro	2018-03-27	18
http://dati.senato.it/gruppo/71	MoVimento 5 Stelle	http://dati.senato.it/senatore/29093	Elena	Fattori	Membro	2018-03-27	18
http://dati.senato.it/gruppo/71	MoVimento 5 Stelle	http://dati.senato.it/senatore/32609	Mattia	Crucioli	Membro	2018-03-27	18
http://dati.senato.it/gruppo/71	MoVimento 5 Stelle	http://dati.senato.it/senatore/29117	Barbara	Lezzi	Membro	2018-03-27	18
http://dati.senato.it/gruppo/71	MoVimento 5 Stelle	http://dati.senato.it/senatore/32700	Alessandra	Riccardi	Membro	2018-03-27	18
http://dati.senato.it/gruppo/71	MoVimento 5 Stelle	http://dati.senato.it/senatore/32622	Stanislao	Di Piazza	Membro	2018-03-27	18
http://dati.senato.it/gruppo/71	MoVimento 5 Stelle	http://dati.senato.it/senatore/32658	Alessandra	Maiorino	Membro	2018-03-27	18
http://dati.senato.it/gruppo/71	MoVimento 5 Stelle	http://dati.senato.it/senatore/32608	Marco	Croatti	Membro	2018-03-27	18
http://dati.senato.it/gruppo/71	MoVimento 5 Stelle	http://dati.senato.it/senatore/32729	Sergio	Vaccaro	Membro	2018-03-27	18
http://dati.senato.it/gruppo/71	MoVimento 5 Stelle	http://dati.senato.it/senatore/29106	Mario Michele	Giarrusso	Membro	2018-03-27	18
http://dati.senato.it/gruppo/71	MoVimento 5 Stelle	http://dati.senato.it/senatore/32705	Iunio Valerio	Romano	Membro	2018-03-27	18
http://dati.senato.it/gruppo/71	MoVimento 5 Stelle	http://dati.senato.it/senatore/32576	Rosa Silvana	Abate	Membro	2018-03-27	18
http://dati.senato.it/gruppo/71	MoVimento 5 Stelle	http://dati.senato.it/senatore/32689	Angela Anna Bruna	Piarulli	Membro	2018-03-27	18
http://dati.senato.it/gruppo/71	MoVimento 5 Stelle	http://dati.senato.it/senatore/32620	Luigi	Di Marzio	Membro	2018-03-27	18
http://dati.senato.it/gruppo/71	MoVimento 5 Stelle	http://dati.senato.it/senatore/32675	Fabrizio	Ortis	Membro	2018-03-27	18
http://dati.senato.it/gruppo/71	MoVimento 5 Stelle	http://dati.senato.it/senatore/32647	Patty	L'Abbate	Membro	2018-03-27	18
http://dati.senato.it/gruppo/71	MoVimento 5 Stelle	http://dati.senato.it/senatore/14224	Pierpaolo	Sileri	Membro	2018-03-27	18
http://dati.senato.it/gruppo/71	MoVimento 5 Stelle	http://dati.senato.it/senatore/29147	Paola	Nugnes	Membro	2018-03-27	18
http://dati.senato.it/gruppo/71	MoVimento 5 Stelle	http://dati.senato.it/senatore/29248	Donatella	Agostinelli	Membro	2018-03-27	18
http://dati.senato.it/gruppo/71	MoVimento 5 Stelle	http://dati.senato.it/senatore/32615	Gregorio	De Falco	Membro	2018-03-27	18
http://dati.senato.it/gruppo/71	MoVimento 5 Stelle	http://dati.senato.it/senatore/32704	Sergio	Romagnoli	Membro	2018-03-27	18
http://dati.senato.it/gruppo/71	MoVimento 5 Stelle	http://dati.senato.it/senatore/31373	Silvana	Giannuzzi	Membro	2018-03-27	18
http://dati.senato.it/gruppo/71	MoVimento 5 Stelle	http://dati.senato.it/senatore/29527	Daniele	Pesco	Vicepresidente	2018-03-27	18
http://dati.senato.it/gruppo/71	MoVimento 5 Stelle	http://dati.senato.it/senatore/32604	Mauro	Coltorti	Membro	2018-03-27	18
http://dati.senato.it/gruppo/71	MoVimento 5 Stelle	http://dati.senato.it/senatore/29470	Matteo	Mantero	Membro	2018-03-27	18
http://dati.senato.it/gruppo/71	MoVimento 5 Stelle	http://dati.senato.it/senatore/32696	Vincenzo	Presutto	Membro	2018-03-27	18
http://dati.senato.it/gruppo/71	MoVimento 5 Stelle	http://dati.senato.it/senatore/29599	Danilo	Toninelli	Presidente	2018-03-27	18
http://dati.senato.it/gruppo/71	MoVimento 5 Stelle	http://dati.senato.it/senatore/32607	Margherita	Corrado	Membro	2018-03-27	18
http://dati.senato.it/gruppo/71	MoVimento 5 Stelle	http://dati.senato.it/senatore/32638	Agnese	Gallicchio	Membro	2018-03-27	18
http://dati.senato.it/gruppo/71	MoVimento 5 Stelle	http://dati.senato.it/senatore/17211	Elio	Lannutti	Membro	2018-03-27	18
http://dati.senato.it/gruppo/71	MoVimento 5 Stelle	http://dati.senato.it/senatore/32668	Raffaele	Mautone	Membro	2018-03-27	18
http://dati.senato.it/gruppo/71	MoVimento 5 Stelle	http://dati.senato.it/senatore/29034	Alberto	Airola	Membro	2018-03-27	18
http://dati.senato.it/gruppo/71	MoVimento 5 Stelle	http://dati.senato.it/senatore/32619	Gabriella	Di Girolamo	Membro	2018-03-27	18
http://dati.senato.it/gruppo/71	MoVimento 5 Stelle	http://dati.senato.it/senatore/32653	Ettore Antonio	Licheri	Membro	2018-03-27	18
http://dati.senato.it/gruppo/71	MoVimento 5 Stelle	http://dati.senato.it/senatore/32731	Gelsomina	Vono	Membro	2018-03-27	18
http://dati.senato.it/gruppo/69	Per le Autonomie (SVP-PATT, UV)	http://dati.senato.it/senatore/32718	Dieter	Steger	Vicepresidente Vicario	2018-03-28	18
http://dati.senato.it/gruppo/69	Per le Autonomie (SVP-PATT, UV)	http://dati.senato.it/senatore/29115	Albert	Laniece	Vicepresidente	2018-03-28	18
http://dati.senato.it/gruppo/69	Per le Autonomie (SVP-PATT, UV)	http://dati.senato.it/senatore/32727	Julia	Unterberger	Presidente	2018-03-27	18
http://dati.senato.it/gruppo/69	Per le Autonomie (SVP-PATT, UV)	http://dati.senato.it/senatore/30511	Elena	Cattaneo	Membro	2018-03-27	18
http://dati.senato.it/gruppo/69	Per le Autonomie (SVP-PATT, UV)	http://dati.senato.it/senatore/29115	Albert	Laniece	Segretario	2018-03-28	18
http://dati.senato.it/gruppo/69	Per le Autonomie (SVP-PATT, UV)	http://dati.senato.it/senatore/32624	Meinhard	Durnwalder	Tesoriere	2018-03-28	18
http://dati.senato.it/gruppo/69	Per le Autonomie (SVP-PATT, UV)	http://dati.senato.it/senatore/1672	Giorgio	Napolitano	Membro	2018-03-27	18
http://dati.senato.it/gruppo/69	Per le Autonomie (SVP-PATT, UV)	http://dati.senato.it/senatore/4351	Gianclaudio	Bressa	Membro	2018-03-27	18
http://dati.senato.it/gruppo/69	Per le Autonomie (SVP-PATT, UV)	http://dati.senato.it/senatore/520	Pier Ferdinando	Casini	Membro	2018-03-27	18
http://dati.senato.it/gruppo/85	Fratelli d'Italia	http://dati.senato.it/senatore/1275	Ignazio	La Russa	Membro	2018-03-27	18
http://dati.senato.it/gruppo/85	Fratelli d'Italia	http://dati.senato.it/senatore/32657	Lara	Magoni	Membro	2018-03-27	18
http://dati.senato.it/gruppo/85	Fratelli d'Italia	http://dati.senato.it/senatore/32645	Antonio	Iannone	Membro	2018-03-27	18
http://dati.senato.it/gruppo/85	Fratelli d'Italia	http://dati.senato.it/senatore/32699	Isabella	Rauti	Membro	2018-03-27	18
http://dati.senato.it/gruppo/85	Fratelli d'Italia	http://dati.senato.it/senatore/31009	Stefano	Bertacco	Presidente	2018-03-27	18
http://dati.senato.it/gruppo/85	Fratelli d'Italia	http://dati.senato.it/senatore/17542	Alberto	Balboni	Membro	2018-03-27	18
http://dati.senato.it/gruppo/85	Fratelli d'Italia	http://dati.senato.it/senatore/18121	Daniela	Garnero Santanche'	Membro	2018-03-27	18
http://dati.senato.it/gruppo/85	Fratelli d'Italia	http://dati.senato.it/senatore/22784	Achille	Totaro	Membro	2018-03-27	18
http://dati.senato.it/gruppo/85	Fratelli d'Italia	http://dati.senato.it/senatore/32708	Massimo	Ruspandini	Membro	2018-03-27	18
http://dati.senato.it/gruppo/85	Fratelli d'Italia	http://dati.senato.it/senatore/2444	Adolfo	Urso	Membro	2018-03-27	18
http://dati.senato.it/gruppo/85	Fratelli d'Italia	http://dati.senato.it/senatore/32650	Patrizio Giacomo	La Pietra	Membro	2018-03-27	18
http://dati.senato.it/gruppo/85	Fratelli d'Italia	http://dati.senato.it/senatore/32613	Andrea	de Bertoldi	Membro	2018-03-27	18
http://dati.senato.it/gruppo/85	Fratelli d'Italia	http://dati.senato.it/senatore/32603	Luca	Ciriani	Membro	2018-03-27	18
http://dati.senato.it/gruppo/85	Fratelli d'Italia	http://dati.senato.it/senatore/25468	Marco	Marsilio	Membro	2018-03-27	18
http://dati.senato.it/gruppo/85	Fratelli d'Italia	http://dati.senato.it/senatore/25269	Raffaele	Stancanelli	Membro	2018-03-27	18
http://dati.senato.it/gruppo/85	Fratelli d'Italia	http://dati.senato.it/senatore/32628	Giovanbattista	Fazzolari	Membro	2018-03-27	18
http://dati.senato.it/gruppo/85	Fratelli d'Italia	http://dati.senato.it/senatore/32732	Francesco	Zaffini	Membro	2018-03-27	18
http://dati.senato.it/gruppo/85	Fratelli d'Italia	http://dati.senato.it/senatore/25446	Gaetano	Nastri	Membro	2018-03-27	18
http://dati.senato.it/gruppo/56	Forza Italia-Berlusconi Presidente	http://dati.senato.it/senatore/32661	Giuseppe Tommaso Vincenzo	Mangialavori	Membro	2018-03-27	18
http://dati.senato.it/gruppo/56	Forza Italia-Berlusconi Presidente	http://dati.senato.it/senatore/25412	Mariarosaria	Rossi	Membro	2018-03-27	18
http://dati.senato.it/gruppo/56	Forza Italia-Berlusconi Presidente	http://dati.senato.it/senatore/25206	Salvatore	Sciascia	Membro	2018-03-27	18
http://dati.senato.it/gruppo/56	Forza Italia-Berlusconi Presidente	http://dati.senato.it/senatore/4192	Claudio	Fazzone	Membro	2018-03-27	18
http://dati.senato.it/gruppo/56	Forza Italia-Berlusconi Presidente	http://dati.senato.it/senatore/32707	Licia	Ronzulli	Membro	2018-03-27	18
http://dati.senato.it/gruppo/56	Forza Italia-Berlusconi Presidente	http://dati.senato.it/senatore/4373	Luigi	Cesaro	Membro	2018-03-27	18
http://dati.senato.it/gruppo/56	Forza Italia-Berlusconi Presidente	http://dati.senato.it/senatore/18715	Gaetano	Quagliariello	Membro	2018-03-27	18
http://dati.senato.it/gruppo/56	Forza Italia-Berlusconi Presidente	http://dati.senato.it/senatore/1103	Maurizio	Gasparri	Membro	2018-03-27	18
http://dati.senato.it/gruppo/56	Forza Italia-Berlusconi Presidente	http://dati.senato.it/senatore/2064	Paolo	Romani	Membro	2018-03-27	18
http://dati.senato.it/gruppo/56	Forza Italia-Berlusconi Presidente	http://dati.senato.it/senatore/25558	Anna Maria	Bernini	Presidente	2018-03-27	18
http://dati.senato.it/gruppo/56	Forza Italia-Berlusconi Presidente	http://dati.senato.it/senatore/1407	Lucio	Malan	Membro	2018-03-27	18
http://dati.senato.it/gruppo/56	Forza Italia-Berlusconi Presidente	http://dati.senato.it/senatore/4741	Alessandrina	Lonardo	Membro	2018-03-27	18
http://dati.senato.it/gruppo/56	Forza Italia-Berlusconi Presidente	http://dati.senato.it/senatore/32671	Fiammetta	Modena	Membro	2018-03-27	18
http://dati.senato.it/gruppo/56	Forza Italia-Berlusconi Presidente	http://dati.senato.it/senatore/32637	Adriano	Galliani	Membro	2018-03-27	18
http://dati.senato.it/gruppo/56	Forza Italia-Berlusconi Presidente	http://dati.senato.it/senatore/3939	Renato	Schifani	Membro	2018-03-27	18
http://dati.senato.it/gruppo/56	Forza Italia-Berlusconi Presidente	http://dati.senato.it/senatore/32723	Roberta	Toffanin	Membro	2018-03-27	18
http://dati.senato.it/gruppo/56	Forza Italia-Berlusconi Presidente	http://dati.senato.it/senatore/32584	Antonio	Barboni	Membro	2018-03-27	18
http://dati.senato.it/gruppo/56	Forza Italia-Berlusconi Presidente	http://dati.senato.it/senatore/25199	Gilberto	Pichetto Fratin	Membro	2018-03-27	18
http://dati.senato.it/gruppo/56	Forza Italia-Berlusconi Presidente	http://dati.senato.it/senatore/32741	Enrico	Aimi	Membro	2018-03-27	18
http://dati.senato.it/gruppo/56	Forza Italia-Berlusconi Presidente	http://dati.senato.it/senatore/26539	Maria Alessandra	Gallone	Membro	2018-03-27	18
http://dati.senato.it/gruppo/56	Forza Italia-Berlusconi Presidente	http://dati.senato.it/senatore/30396	Urania Giulia Rosina	Papatheu	Membro	2018-03-27	18
http://dati.senato.it/gruppo/56	Forza Italia-Berlusconi Presidente	http://dati.senato.it/senatore/32688	Marco	Perosino	Membro	2018-03-27	18
http://dati.senato.it/gruppo/56	Forza Italia-Berlusconi Presidente	http://dati.senato.it/senatore/32605	Donatella	Conzatti	Membro	2018-03-27	18
http://dati.senato.it/gruppo/56	Forza Italia-Berlusconi Presidente	http://dati.senato.it/senatore/25205	Alfredo	Messina	Membro	2018-03-27	18
http://dati.senato.it/gruppo/56	Forza Italia-Berlusconi Presidente	http://dati.senato.it/senatore/24989	Francesco	Battistoni	Membro	2018-03-27	18
http://dati.senato.it/gruppo/56	Forza Italia-Berlusconi Presidente	http://dati.senato.it/senatore/32721	Elena	Testor	Membro	2018-03-27	18
http://dati.senato.it/gruppo/56	Forza Italia-Berlusconi Presidente	http://dati.senato.it/senatore/32659	Massimo	Mallegni	Membro	2018-03-27	18
http://dati.senato.it/gruppo/56	Forza Italia-Berlusconi Presidente	http://dati.senato.it/senatore/25492	Gabriella	Giammanco	Membro	2018-03-27	18
http://dati.senato.it/gruppo/56	Forza Italia-Berlusconi Presidente	http://dati.senato.it/senatore/17841	Massimo	Ferro	Membro	2018-03-27	18
http://dati.senato.it/gruppo/56	Forza Italia-Berlusconi Presidente	http://dati.senato.it/senatore/32742	Francesca	Alderisi	Membro	2018-03-27	18
http://dati.senato.it/gruppo/56	Forza Italia-Berlusconi Presidente	http://dati.senato.it/senatore/32666	Barbara	Masini	Membro	2018-03-27	18
http://dati.senato.it/gruppo/56	Forza Italia-Berlusconi Presidente	http://dati.senato.it/senatore/32714	Marco	Siclari	Membro	2018-03-27	18
http://dati.senato.it/gruppo/56	Forza Italia-Berlusconi Presidente	http://dati.senato.it/senatore/4512	Adriano	Paroli	Membro	2018-03-27	18
http://dati.senato.it/gruppo/56	Forza Italia-Berlusconi Presidente	http://dati.senato.it/senatore/29209	Emilio	Floris	Membro	2018-03-27	18
http://dati.senato.it/gruppo/56	Forza Italia-Berlusconi Presidente	http://dati.senato.it/senatore/18740	Giuseppe	Moles	Membro	2018-03-27	18
http://dati.senato.it/gruppo/56	Forza Italia-Berlusconi Presidente	http://dati.senato.it/senatore/32747	Dario	Damiani	Membro	2018-03-27	18
http://dati.senato.it/gruppo/56	Forza Italia-Berlusconi Presidente	http://dati.senato.it/senatore/25198	Maria	Rizzotti	Membro	2018-03-27	18
http://dati.senato.it/gruppo/56	Forza Italia-Berlusconi Presidente	http://dati.senato.it/senatore/32722	Maria Virginia	Tiraboschi	Membro	2018-03-27	18
http://dati.senato.it/gruppo/56	Forza Italia-Berlusconi Presidente	http://dati.senato.it/senatore/25214	Giacomo	Caliendo	Membro	2018-03-27	18
http://dati.senato.it/gruppo/56	Forza Italia-Berlusconi Presidente	http://dati.senato.it/senatore/22914	Stefania Gabriella Anastasia	Craxi	Membro	2018-03-27	18
http://dati.senato.it/gruppo/56	Forza Italia-Berlusconi Presidente	http://dati.senato.it/senatore/32765	Anna Carmela	Minuto	Membro	2018-03-27	18
http://dati.senato.it/gruppo/56	Forza Italia-Berlusconi Presidente	http://dati.senato.it/senatore/32717	Laura	Stabile	Membro	2018-03-27	18
http://dati.senato.it/gruppo/56	Forza Italia-Berlusconi Presidente	http://dati.senato.it/senatore/32	Maria Elisabetta	Alberti Casellati	Membro	2018-03-27	18
http://dati.senato.it/gruppo/56	Forza Italia-Berlusconi Presidente	http://dati.senato.it/senatore/22712	Paola	Binetti	Membro	2018-03-27	18
http://dati.senato.it/gruppo/56	Forza Italia-Berlusconi Presidente	http://dati.senato.it/senatore/32597	Andrea	Cangini	Membro	2018-03-27	18
http://dati.senato.it/gruppo/56	Forza Italia-Berlusconi Presidente	http://dati.senato.it/senatore/19777	Sandro Mario	Biasotti	Membro	2018-03-27	18
http://dati.senato.it/gruppo/56	Forza Italia-Berlusconi Presidente	http://dati.senato.it/senatore/22970	Francesco Maria	Giro	Membro	2018-03-27	18
http://dati.senato.it/gruppo/56	Forza Italia-Berlusconi Presidente	http://dati.senato.it/senatore/32587	Massimo Vittorio	Berutti	Membro	2018-03-27	18
http://dati.senato.it/gruppo/56	Forza Italia-Berlusconi Presidente	http://dati.senato.it/senatore/25207	Giancarlo	Serafini	Membro	2018-03-27	18
http://dati.senato.it/gruppo/56	Forza Italia-Berlusconi Presidente	http://dati.senato.it/senatore/32611	Franco	Dal Mas	Membro	2018-03-27	18
http://dati.senato.it/gruppo/56	Forza Italia-Berlusconi Presidente	http://dati.senato.it/senatore/27874	Domenico	De Siano	Membro	2018-03-27	18
http://dati.senato.it/gruppo/56	Forza Italia-Berlusconi Presidente	http://dati.senato.it/senatore/32585	Roberto	Berardi	Membro	2018-03-27	18
http://dati.senato.it/gruppo/56	Forza Italia-Berlusconi Presidente	http://dati.senato.it/senatore/32744	Vincenzo	Carbone	Membro	2018-03-27	18
http://dati.senato.it/gruppo/56	Forza Italia-Berlusconi Presidente	http://dati.senato.it/senatore/17887	Niccolo'	Ghedini	Membro	2018-03-27	18
http://dati.senato.it/gruppo/56	Forza Italia-Berlusconi Presidente	http://dati.senato.it/senatore/22814	Antonio	De Poli	Membro	2018-03-27	18
http://dati.senato.it/gruppo/56	Forza Italia-Berlusconi Presidente	http://dati.senato.it/senatore/4584	Luigi	Vitali	Membro	2018-03-27	18
http://dati.senato.it/gruppo/56	Forza Italia-Berlusconi Presidente	http://dati.senato.it/senatore/29329	Andrea	Causin	Membro	2018-03-27	18
http://dati.senato.it/gruppo/56	Forza Italia-Berlusconi Presidente	http://dati.senato.it/senatore/27476	Raffaele	Fantetti	Membro	2018-03-27	18
http://dati.senato.it/gruppo/56	Forza Italia-Berlusconi Presidente	http://dati.senato.it/senatore/32583	Alberto	Barachini	Membro	2018-03-27	18
http://dati.senato.it/gruppo/56	Forza Italia-Berlusconi Presidente	http://dati.senato.it/senatore/32679	Nazario	Pagano	Membro	2018-03-27	18
http://dati.senato.it/gruppo/56	Forza Italia-Berlusconi Presidente	http://dati.senato.it/senatore/31157	Antonio	Saccone	Membro	2018-03-27	18
