senatore	nome	cognome	sesso	legislatura	inizioMandato	fineMandato	tipoMandato	tipoFineMandato	dataNascita	cittaNascita	cittaNascita_geoname	provinciaNascita	nazioneNascita
30509	Claudio	Abbado	M	17	2013-08-30	2014-01-20	a vita, di nomina del Presidente della Repubblica	Deceduto	1933-06-26	Milano	https://www.geonames.org/3173434	Milano	Italia
29033	Piero	Aiello	M	17	2013-03-15	2018-03-22	elettivo		1956-06-30	Ardore	https://www.geonames.org/2525685	Reggio di Calabria	Italia
29034	Alberto	Airola	M	17	2013-03-15	2018-03-22	elettivo		1970-05-13	Moncalieri	https://www.geonames.org/3173180	Torino	Italia
29035	Donatella	Albano	F	17	2013-03-15	2018-03-22	elettivo		1958-01-21	Bordighera	https://www.geonames.org/3181863	Imperia	Italia
32	Maria Elisabetta	Alberti Casellati	F	17	2013-03-15	2014-09-25	elettivo	Eletto membro del Consiglio Superiore della Magistratura	1946-08-12	Rovigo	https://www.geonames.org/3168842	Rovigo	Italia
29036	Gabriele	Albertini	M	17	2013-03-15	2018-03-22	elettivo		1950-07-06	Milano	https://www.geonames.org/3173434	Milano	Italia
25271	Bruno	Alicata	M	17	2013-03-15	2018-03-22	elettivo		1956-12-19	Siracusa	https://www.geonames.org/2523082	Siracusa	Italia
22706	Silvana	Amati	F	17	2013-03-15	2018-03-22	elettivo		1947-08-31	Senigallia	https://www.geonames.org/3166740	Ancona	Italia
31010	Bartolomeo	Amidei	M	17	2014-09-25	2018-03-22	elettivo		1961-05-23	Rovigo	https://www.geonames.org/3168842	Rovigo	Italia
63	Francesco Maria	Amoruso	M	17	2013-03-15	2018-03-22	elettivo		1956-08-01	Bisceglie	https://www.geonames.org/3182007	Barletta-Andria-Trani	Italia
74	Giulio	Andreotti	M	17	2013-03-15	2013-05-06	a vita, di nomina del Presidente della Repubblica	Deceduto	1919-01-14	Roma	https://www.geonames.org/3169069	Roma	Italia
29037	Ignazio	Angioni	M	17	2013-03-15	2018-03-22	elettivo		1967-07-17	Cagliari	https://www.geonames.org/2525471	Cagliari	Italia
29038	Fabiola	Anitori	F	17	2013-03-15	2018-03-22	elettivo		1962-06-13	Roma	https://www.geonames.org/3169069	Roma	Italia
25568	Francesco	Aracri	M	17	2013-03-15	2018-03-22	elettivo		1952-07-11	Spoleto	https://www.geonames.org/3166236	Perugia	Italia
29039	Paolo	Arrigoni	M	17	2013-03-15	2018-03-22	elettivo		1964-06-14	Lecco	https://www.geonames.org/6458616	Lecco	Italia
29040	Bruno	Astorre	M	17	2013-03-15	2018-03-22	elettivo		1963-03-11	Roma	https://www.geonames.org/3169069	Roma	Italia
22707	Andrea	Augello	M	17	2013-03-15	2018-03-22	elettivo		1961-02-24	Novara	https://www.geonames.org/3172188	Novara	Italia
30913	Domenico	Auricchio	M	17	2014-07-01	2018-03-22	elettivo		1946-10-24	Boscoreale	https://www.geonames.org/3181683	Napoli	Italia
3923	Antonio	Azzollini	M	17	2013-03-15	2018-03-22	elettivo		1953-05-30	Molfetta	https://www.geonames.org/3173287	Bari	Italia
22863	Lucio	Barani	M	17	2013-03-15	2018-03-22	elettivo		1953-05-27	Aulla	https://www.geonames.org/3182686	Massa-Carrara	Italia
29041	Giovanni	Barozzino	M	17	2013-03-15	2018-03-22	elettivo		1964-10-11	Rionero In Vulture	https://www.geonames.org/3169326	Potenza	Italia
29042	Lorenzo	Battista	M	17	2013-03-15	2018-03-22	elettivo		1973-01-14	Trieste	https://www.geonames.org/3165184	Trieste	Italia
29043	Raffaela	Bellot	F	17	2013-03-15	2018-03-22	elettivo		1965-03-08	Feltre	https://www.geonames.org/3177120	Belluno	Italia
29044	Alessandra	Bencini	F	17	2013-03-15	2018-03-22	elettivo		1969-02-05	Firenze	https://www.geonames.org/3176958	Firenze	Italia
29045	Hans	Berger	M	17	2013-03-15	2018-03-22	elettivo		1947-12-04	Selva Dei Molini	https://www.geonames.org/6535980	Bolzano	Italia
227	Silvio	Berlusconi	M	17	2013-03-15	2013-11-27	elettivo	Mancata convalida dell'elezione	1936-09-29	Milano	https://www.geonames.org/3173434	Milano	Italia
25558	Anna Maria	Bernini	F	17	2013-03-15	2018-03-22	elettivo		1965-08-17	Bologna	https://www.geonames.org/3181927	Bologna	Italia
31009	Stefano	Bertacco	M	17	2014-09-25	2018-03-22	elettivo		1962-12-29	Verona	https://www.geonames.org/3164526	Verona	Italia
29046	Ornella	Bertorotta	F	17	2013-03-15	2018-03-22	elettivo		1967-08-25	Catania	https://www.geonames.org/2525065	Catania	Italia
25226	Maria Teresa	Bertuzzi	F	17	2013-03-15	2018-03-22	elettivo		1961-08-26	Copparo	https://www.geonames.org/3178137	Ferrara	Italia
29047	Amedeo	Bianco	M	17	2013-03-15	2018-03-22	elettivo		1948-07-20	Napoli	https://www.geonames.org/3172391	Napoli	Italia
17552	Laura	Bianconi	F	17	2013-03-15	2018-03-22	elettivo		1960-05-28	Roma	https://www.geonames.org/3169069	Roma	Italia
29048	Laura	Bignami	F	17	2013-03-15	2018-03-22	elettivo		1969-10-07	Legnano	https://www.geonames.org/3174921	Milano	Italia
29049	Giovanni	Bilardi	M	17	2013-03-15	2018-03-22	elettivo		1958-03-26	Reggio Di Calabria	https://www.geonames.org/2523630	Reggio di Calabria	Italia
22551	Patrizia	Bisinella	F	17	2013-03-15	2018-03-22	elettivo		1970-06-25	Camposampiero	https://www.geonames.org/3180920	Padova	Italia
25556	Massimo	Bitonci	M	17	2013-03-15	2014-07-02	elettivo	Dimissioni per incompatibilità	1965-06-24	Padova	https://www.geonames.org/3171727	Padova	Italia
29050	Rosetta Enza	Blundo	F	17	2013-03-15	2018-03-22	elettivo		1964-06-26	Castel Di Sangro	https://www.geonames.org/3179703	L'Aquila	Italia
29204	Bernabo'	Bocca	M	17	2013-03-15	2018-03-22	elettivo		1963-10-15	Torino	https://www.geonames.org/3165523	Torino	Italia
31391	Michele	Boccardi	M	17	2015-09-08	2018-03-22	elettivo		1968-07-30	Bari	https://www.geonames.org/3182350	Bari	Italia
31391	Michele	Boccardi	M	18	2021-12-02		elettivo		1968-07-30	Bari	https://www.geonames.org/3182350	Bari	Italia
29051	Fabrizio	Bocchino	M	17	2013-03-15	2018-03-22	elettivo		1968-11-26	Erice	https://www.geonames.org/2524815	Trapani	Italia
4347	Paolo	Bonaiuti	M	17	2013-03-15	2018-03-22	elettivo		1940-07-07	Firenze	https://www.geonames.org/3176958	Firenze	Italia
17857	Sandro	Bondi	M	17	2013-03-15	2018-03-22	elettivo		1959-05-14	Fivizzano	https://www.geonames.org/3176919	Massa-Carrara	Italia
22717	Anna Cinzia	Bonfrisco	F	17	2013-03-15	2018-03-22	elettivo		1962-10-12	Riva del Garda	https://www.geonames.org/3169272	Trento	Italia
29052	Daniele Gaetano	Borioli	M	17	2013-03-15	2018-03-22	elettivo		1957-05-08	Alessandria	https://www.geonames.org/3183298	Alessandria	Italia
29053	Laura	Bottici	F	17	2013-03-15	2018-03-22	elettivo		1971-07-03	Carrara	https://www.geonames.org/3180423	Massa-Carrara	Italia
29054	Claudio	Broglia	M	17	2013-03-15	2018-03-22	elettivo		1961-06-28	Crevalcore	https://www.geonames.org/3177814	Bologna	Italia
29207	Francesco	Bruni	M	17	2013-03-15	2018-03-22	elettivo		1964-11-26	Lecce	https://www.geonames.org/3174952	Lecce	Italia
4352	Donato	Bruno	M	17	2013-03-15	2015-08-17	elettivo	Deceduto	1948-11-26	Noci	https://www.geonames.org/3172240	Bari	Italia
22720	Filippo	Bubbico	M	17	2013-03-15	2018-03-22	elettivo		1954-02-26	Montescaglioso	https://www.geonames.org/3172739	Matera	Italia
29055	Maurizio	Buccarella	M	17	2013-03-15	2018-03-22	elettivo		1964-07-30	Lecce	https://www.geonames.org/3174952	Lecce	Italia
17879	Enrico	Buemi	M	17	2013-05-22	2018-03-22	elettivo		1947-07-06	Gassino Torinese	https://www.geonames.org/3176285	Torino	Italia
29056	Elisa	Bulgarelli	F	17	2013-03-15	2018-03-22	elettivo		1971-10-20	Bologna	https://www.geonames.org/3181927	Bologna	Italia
422	Roberto	Calderoli	M	17	2013-03-15	2018-03-22	elettivo		1956-04-18	Bergamo	https://www.geonames.org/3182163	Bergamo	Italia
29057	Massimo	Caleo	M	17	2013-03-15	2018-03-22	elettivo		1961-01-10	Sarzana	https://www.geonames.org/3167104	La Spezia	Italia
25214	Giacomo	Caliendo	M	17	2013-03-15	2018-03-22	elettivo		1942-08-28	Saviano	https://www.geonames.org/3167035	Napoli	Italia
29058	Francesco	Campanella	M	17	2013-03-15	2018-03-22	elettivo		1964-11-29	Palermo	https://www.geonames.org/2523918	Palermo	Italia
29059	Stefano	Candiani	M	17	2013-03-15	2018-03-22	elettivo		1971-12-11	Busto Arsizio	https://www.geonames.org/3181355	Varese	Italia
29060	Laura	Cantini	F	17	2013-03-15	2018-03-22	elettivo		1958-01-08	Castelfiorentino	https://www.geonames.org/3179696	Firenze	Italia
21593	Rosaria	Capacchione	F	17	2013-03-15	2018-03-22	elettivo		1960-02-16	Napoli	https://www.geonames.org/3172391	Napoli	Italia
29061	Enrico	Cappelletti	M	17	2013-03-15	2018-03-22	elettivo		1968-02-05	Padova	https://www.geonames.org/3171727	Padova	Italia
476	Franco	Cardiello	M	17	2013-03-15	2018-03-22	elettivo		1957-01-01	Eboli	https://www.geonames.org/6541807	Salerno	Italia
29062	Valeria	Cardinali	F	17	2013-03-15	2018-03-22	elettivo		1967-12-17	Perugia	https://www.geonames.org/3171179	Perugia	Italia
29063	Antonio Stefano	Caridi	M	17	2013-03-15	2018-03-22	elettivo		1969-12-26	Reggio Di Calabria	https://www.geonames.org/2523630	Reggio di Calabria	Italia
500	Franco	Carraro	M	17	2013-03-15	2018-03-22	elettivo		1939-12-06	Padova	https://www.geonames.org/3171727	Padova	Italia
29064	Monica	Casaletto	F	17	2013-03-15	2018-03-22	elettivo		1968-02-24	Pavia	https://www.geonames.org/3171364	Pavia	Italia
520	Pier Ferdinando	Casini	M	17	2013-03-15	2018-03-22	elettivo		1955-12-03	Bologna	https://www.geonames.org/3181927	Bologna	Italia
19020	Massimo	Cassano	M	17	2013-03-15	2018-03-22	elettivo		1965-02-03	Bari	https://www.geonames.org/3182350	Bari	Italia
25539	Roberto	Cassinelli	M	17	2017-04-20	2018-03-22	elettivo		1956-12-10	Genova	https://www.geonames.org/3176217	Genova	Italia
22337	Felice	Casson	M	17	2013-03-15	2018-03-22	elettivo		1953-08-05	Chioggia	https://www.geonames.org/3178784	Venezia	Italia
29065	Gianluca	Castaldi	M	17	2013-03-15	2018-03-22	elettivo		1970-06-27	Vasto	https://www.geonames.org/3164672	Chieti	Italia
29066	Nunzia	Catalfo	F	17	2013-03-15	2018-03-22	elettivo		1967-07-29	Catania	https://www.geonames.org/2525065	Catania	Italia
30511	Elena	Cattaneo	F	17	2013-08-30	2018-03-22	a vita, di nomina del Presidente della Repubblica		1962-10-22	Milano	https://www.geonames.org/3173434	Milano	Italia
29067	Gian Marco	Centinaio	M	17	2013-03-15	2018-03-22	elettivo		1971-10-31	Pavia	https://www.geonames.org/3171364	Pavia	Italia
22899	Remigio	Ceroni	M	17	2013-03-15	2018-03-22	elettivo		1955-04-21	Monterubbiano	https://www.geonames.org/3172765	Fermo	Italia
29068	Massimo	Cervellini	M	17	2013-03-15	2018-03-22	elettivo		1956-06-20	Roma	https://www.geonames.org/3169069	Roma	Italia
29199	Federica	Chiavaroli	F	17	2013-03-15	2018-03-22	elettivo		1970-09-25	Penne	https://www.geonames.org/3171247	Pescara	Italia
16924	Vannino	Chiti	M	17	2013-03-15	2018-03-22	elettivo		1947-12-26	Pistoia	https://www.geonames.org/3170620	Pistoia	Italia
594	Carlo Azeglio	Ciampi	M	17	2013-03-15	2016-09-16	di diritto e a vita, Presidente emerito della Repubblica	Deceduto	1920-12-09	Livorno	https://www.geonames.org/3174658	Livorno	Italia
29069	Lello	Ciampolillo	M	17	2013-03-15	2018-03-22	elettivo		1972-02-02	Bari	https://www.geonames.org/3182350	Bari	Italia
29070	Andrea	Cioffi	M	17	2013-03-15	2018-03-22	elettivo		1962-02-04	Massa	https://www.geonames.org/3173775	Massa-Carrara	Italia
18499	Monica	Cirinna'	F	17	2013-03-15	2018-03-22	elettivo		1963-02-15	Roma	https://www.geonames.org/3169069	Roma	Italia
29071	Roberto	Cociancich	M	17	2013-03-15	2018-03-22	elettivo		1961-06-26	Milano	https://www.geonames.org/3173434	Milano	Italia
29072	Stefano	Collina	M	17	2013-03-15	2018-03-22	elettivo		1966-12-28	Faenza	https://www.geonames.org/3177300	Ravenna	Italia
638	Emilio	Colombo	M	17	2013-03-15	2013-06-24	a vita, di nomina del Presidente della Repubblica	Deceduto	1920-04-11	Potenza	https://www.geonames.org/3170025	Potenza	Italia
645	Francesco	Colucci	M	17	2013-03-15	2018-03-22	elettivo		1932-01-14	Brindisi	https://www.geonames.org/3181526	Brindisi	Italia
25531	Silvana Andreina	Comaroli	F	17	2013-03-15	2018-03-22	elettivo		1967-03-27	Soncino	https://www.geonames.org/3166399	Cremona	Italia
656	Luigi	Compagna	M	17	2013-03-15	2018-03-22	elettivo		1948-11-24	Napoli	https://www.geonames.org/3172391	Napoli	Italia
29073	Giuseppe	Compagnone	M	17	2013-03-15	2017-12-23	elettivo	Dimissioni per incompatibilità	1957-03-06	Grammichele	https://www.geonames.org/2524583	Catania	Italia
25528	Nunziante	Consiglio	M	17	2013-03-15	2018-03-22	elettivo		1964-11-24	Montoro Inferiore	https://www.geonames.org/6542305	Avellino	Italia
29206	Franco	Conte	M	17	2013-03-15	2018-03-22	elettivo		1952-05-24	Resana	https://www.geonames.org/3169482	Treviso	Italia
17911	Riccardo	Conti	M	17	2013-03-15	2018-03-22	elettivo		1947-11-06	Brescia	https://www.geonames.org/3181553	Brescia	Italia
4387	Paolo	Corsini	M	17	2013-03-15	2018-03-22	elettivo		1947-12-09	Adro	https://www.geonames.org/6539493	Brescia	Italia
29074	Roberto	Cotti	M	17	2013-03-15	2018-03-22	elettivo		1961-04-20	Cagliari	https://www.geonames.org/2525471	Cagliari	Italia
29075	Vito Claudio	Crimi	M	17	2013-03-15	2018-03-22	elettivo		1972-04-26	Palermo	https://www.geonames.org/2523918	Palermo	Italia
25359	Jonny	Crosio	M	17	2013-03-15	2018-03-22	elettivo		1962-07-20	Zurigo	https://www.geonames.org/2657896		Svizzera
29076	Giuseppe Luigi Salvatore	Cucca	M	17	2013-03-15	2018-03-22	elettivo		1957-07-30	Bosa	https://www.geonames.org/3181706	Oristano	Italia
29077	Vincenzo	Cuomo	M	17	2013-03-15	2017-09-19	elettivo	Dimissioni per incompatibilità	1964-04-03	Piano di Sorrento	https://www.geonames.org/3170943	Napoli	Italia
29078	Erica	D'Adda	F	17	2013-03-15	2018-03-22	elettivo		1963-05-21	Treviglio	https://www.geonames.org/3165207	Bergamo	Italia
752	Antonio	D'Ali'	M	17	2013-03-15	2018-03-22	elettivo		1951-12-25	Trapani	https://www.geonames.org/2522875	Trapani	Italia
25261	Luigi	D'Ambrosio Lettieri	M	17	2013-03-15	2018-03-22	elettivo		1955-12-03	Bari	https://www.geonames.org/3182350	Bari	Italia
27647	Vincenzo	D'Anna	M	17	2013-03-15	2018-03-22	elettivo		1951-07-26	Santa Maria A Vico	https://www.geonames.org/3167562	Caserta	Italia
32423	Mario	D'Apuzzo	M	17	2018-01-09	2018-03-22	elettivo		1967-10-11	Castellammare di Stabia	https://www.geonames.org/3179661	Napoli	Italia
29081	Nico	D'Ascola	M	17	2013-03-15	2018-03-22	elettivo		1954-02-13	Reggio Di Calabria	https://www.geonames.org/2523630	Reggio di Calabria	Italia
29089	Angela	D'Onghia	F	17	2013-03-15	2018-03-22	elettivo		1962-01-26	Bari	https://www.geonames.org/3182350	Bari	Italia
29079	Mario	Dalla Tor	M	17	2013-03-15	2018-03-22	elettivo		1956-01-19	Marcon	https://www.geonames.org/3173985	Venezia	Italia
29080	Gianpiero	Dalla Zuanna	M	17	2013-03-15	2018-03-22	elettivo		1960-09-23	Camposampiero	https://www.geonames.org/3180920	Padova	Italia
22730	Michelino	Davico	M	17	2013-03-15	2018-03-22	elettivo		1961-03-01	Bra	https://www.geonames.org/3181631	Cuneo	Italia
22917	Emilia Grazia	De Biasi	F	17	2013-03-15	2018-03-22	elettivo		1958-02-06	San Severo	https://www.geonames.org/3167731	Foggia	Italia
22918	Peppe	De Cristofaro	M	17	2013-03-15	2018-03-22	elettivo		1971-06-26	Napoli	https://www.geonames.org/3172391	Napoli	Italia
29082	Isabella	De Monte	F	17	2013-03-15	2014-06-30	elettivo	Dimissioni per incompatibilità	1971-06-23	Udine	https://www.geonames.org/3165071	Udine	Italia
17578	Loredana	De Petris	F	17	2013-03-15	2018-03-22	elettivo		1957-11-24	Roma	https://www.geonames.org/3169069	Roma	Italia
29083	Cristina	De Pietro	F	17	2013-03-15	2018-03-22	elettivo		1957-04-19	Aulla	https://www.geonames.org/3182686	Massa-Carrara	Italia
29084	Paola	De Pin	F	17	2013-03-15	2018-03-22	elettivo		1966-04-07	Fontanelle	https://www.geonames.org/3176805	Treviso	Italia
22814	Antonio	De Poli	M	17	2013-03-15	2018-03-22	elettivo		1960-10-04	Vicenza	https://www.geonames.org/3164418	Vicenza	Italia
27874	Domenico	De Siano	M	17	2013-03-15	2018-03-22	elettivo		1958-09-15	Ischia	https://www.geonames.org/3175455	Napoli	Italia
29085	Mauro	Del Barba	M	17	2013-03-15	2018-03-22	elettivo		1970-07-20	Morbegno	https://www.geonames.org/3172617	Sondrio	Italia
22922	Benedetto	Della Vedova	M	17	2013-03-15	2018-03-22	elettivo		1962-04-03	Sondrio	https://www.geonames.org/3166396	Sondrio	Italia
25517	Aldo	Di Biagio	M	17	2013-03-15	2018-03-22	elettivo		1964-12-23	Roma	https://www.geonames.org/3169069	Roma	Italia
25243	Ulisse	Di Giacomo	M	17	2013-11-28	2018-03-22	elettivo		1950-10-01	Carovilli	https://www.geonames.org/3180461	Isernia	Italia
29087	Rosa Maria	Di Giorgi	F	17	2013-03-15	2018-03-22	elettivo		1955-08-11	Reggio Di Calabria	https://www.geonames.org/2523630	Reggio di Calabria	Italia
29203	Salvatore Tito	Di Maggio	M	17	2013-03-15	2018-03-22	elettivo		1960-07-28	Barcellona Pozzo Di Gotto	https://www.geonames.org/2525597	Messina	Italia
29088	Nerina	Dirindin	F	17	2013-03-15	2018-03-22	elettivo		1949-05-25	Torino	https://www.geonames.org/3165523	Torino	Italia
22735	Sergio	Divina	M	17	2013-03-15	2018-03-22	elettivo		1955-02-08	Trento	https://www.geonames.org/3165241	Trento	Italia
29090	Daniela	Donno	F	17	2013-03-15	2018-03-22	elettivo		1960-01-11	Lecce	https://www.geonames.org/3174952	Lecce	Italia
29091	Giovanni	Endrizzi	M	17	2013-03-15	2018-03-22	elettivo		1962-09-02	Agordo	https://www.geonames.org/3183420	Belluno	Italia
4639	Giuseppe	Esposito	M	17	2013-03-15	2018-03-22	elettivo		1956-08-01	Pagani	https://www.geonames.org/3171703	Salerno	Italia
32307	Lucia	Esposito	F	17	2017-09-19	2018-03-22	elettivo		1970-11-03	Caserta	https://www.geonames.org/3179865	Caserta	Italia
25511	Stefano	Esposito	M	17	2013-03-15	2018-03-22	elettivo		1969-06-18	Moncalieri	https://www.geonames.org/3173180	Torino	Italia
29092	Camilla	Fabbri	F	17	2013-03-15	2018-03-22	elettivo		1969-08-29	Pesaro	https://www.geonames.org/3171173	Pesaro e Urbino	Italia
17823	Ciro	Falanga	M	17	2013-03-15	2018-03-22	elettivo		1951-01-23	Torre Del Greco	https://www.geonames.org/3165456	Napoli	Italia
17834	Enzo	Fasano	M	17	2013-03-15	2018-03-22	elettivo		1951-09-02	Salerno	https://www.geonames.org/3168670	Salerno	Italia
30914	Laura	Fasiolo	F	17	2014-07-01	2018-03-22	elettivo		1947-07-28	Gorizia	https://www.geonames.org/3175985	Gorizia	Italia
29093	Elena	Fattori	F	17	2013-03-15	2018-03-22	elettivo		1966-06-15	Rimini	https://www.geonames.org/6457404	Rimini	Italia
29094	Emma	Fattorini	F	17	2013-03-15	2018-03-22	elettivo		1952-05-13	Cervia	https://www.geonames.org/3178998	Ravenna	Italia
29095	Nicoletta	Favero	F	17	2013-03-15	2018-03-22	elettivo		1955-12-04	Biella	https://www.geonames.org/6457397	Biella	Italia
4192	Claudio	Fazzone	M	17	2013-03-15	2018-03-22	elettivo		1961-10-07	Fondi	https://www.geonames.org/3176843	Latina	Italia
26041	Valeria	Fedeli	F	17	2013-03-15	2018-03-22	elettivo		1949-07-29	Treviglio	https://www.geonames.org/3165207	Bergamo	Italia
29096	Elena	Ferrara	F	17	2013-03-15	2018-03-22	elettivo		1958-03-18	Brescia	https://www.geonames.org/3181553	Brescia	Italia
961	Mario	Ferrara	M	17	2013-03-15	2018-03-22	elettivo		1954-04-02	Lercara Friddi	https://www.geonames.org/2524402	Palermo	Italia
22740	Marco	Filippi	M	17	2013-03-15	2018-03-22	elettivo		1964-08-05	Livorno	https://www.geonames.org/3174658	Livorno	Italia
29097	Rosanna	Filippin	F	17	2013-03-15	2018-03-22	elettivo		1962-02-08	Bassano Del Grappa	https://www.geonames.org/3182297	Vicenza	Italia
991	Anna	Finocchiaro	F	17	2013-03-15	2018-03-22	elettivo		1955-03-31	Modica	https://www.geonames.org/2524119	Ragusa	Italia
29098	Elena	Fissore	F	17	2013-03-15	2018-03-22	elettivo		1957-08-19	Bra	https://www.geonames.org/3181631	Cuneo	Italia
29209	Emilio	Floris	M	17	2013-03-15	2018-03-22	elettivo		1944-09-15	Cagliari	https://www.geonames.org/2525471	Cagliari	Italia
1027	Roberto	Formigoni	M	17	2013-03-15	2018-03-22	elettivo		1947-03-30	Lecco	https://www.geonames.org/6458616	Lecco	Italia
29099	Federico	Fornaro	M	17	2013-03-15	2018-03-22	elettivo		1962-12-09	Genova	https://www.geonames.org/3176217	Genova	Italia
29100	Vittorio	Fravezzi	M	17	2013-03-15	2018-03-22	elettivo		1967-08-21	Venezia	https://www.geonames.org/3164600	Venezia	Italia
29101	Serenella	Fucksia	F	17	2013-03-15	2018-03-22	elettivo		1966-04-24	Fabriano	https://www.geonames.org/3177315	Ancona	Italia
29102	Luigi	Gaetti	M	17	2013-03-15	2018-03-22	elettivo		1959-08-11	Mantova	https://www.geonames.org/3174050	Mantova	Italia
29103	Paolo	Galimberti	M	17	2013-03-15	2018-03-22	elettivo		1968-07-07	Giussano	https://www.geonames.org/3176041	Monza e Brianza	Italia
29104	Adele	Gambaro	F	17	2013-03-15	2018-03-22	elettivo		1964-07-24	Genova	https://www.geonames.org/3176217	Genova	Italia
22963	Massimo	Garavaglia	M	17	2013-03-15	2013-05-07	elettivo	Dimissioni per incompatibilità	1968-04-08	Cuggiono	https://www.geonames.org/3177720	Milano	Italia
1103	Maurizio	Gasparri	M	17	2013-03-15	2018-03-22	elettivo		1956-07-18	Roma	https://www.geonames.org/3169069	Roma	Italia
25495	Maria Grazia	Gatti	F	17	2013-03-15	2018-03-22	elettivo		1956-09-19	Isola Del Liri	https://www.geonames.org/3175427	Frosinone	Italia
17561	Antonio	Gentile	M	17	2013-03-15	2018-03-22	elettivo		1950-04-08	Cosenza	https://www.geonames.org/2524906	Cosenza	Italia
17887	Niccolo'	Ghedini	M	17	2013-03-15	2018-03-22	elettivo		1959-12-22	Padova	https://www.geonames.org/3171727	Padova	Italia
25225	Rita	Ghedini	F	17	2013-03-15	2014-10-16	elettivo	Dimissioni accettate	1960-04-16	Ferrara	https://www.geonames.org/3177088	Ferrara	Italia
29105	Francesco	Giacobbe	M	17	2013-03-15	2018-03-22	elettivo		1958-07-10	Catania	https://www.geonames.org/2525065	Catania	Italia
29211	Stefania	Giannini	F	17	2013-03-15	2018-03-22	elettivo		1960-11-18	Lucca	https://www.geonames.org/3174529	Lucca	Italia
29106	Mario Michele	Giarrusso	M	17	2013-03-15	2018-03-22	elettivo		1965-02-25	Catania	https://www.geonames.org/2525065	Catania	Italia
25491	Vincenzo	Gibiino	M	17	2013-03-15	2018-03-22	elettivo		1965-01-04	Catania	https://www.geonames.org/2525065	Catania	Italia
29107	Nadia	Ginetti	F	17	2013-03-15	2018-03-22	elettivo		1969-02-25	Perugia	https://www.geonames.org/3171179	Perugia	Italia
1148	Carlo	Giovanardi	M	17	2013-03-15	2018-03-22	elettivo		1950-01-15	Modena	https://www.geonames.org/3173330	Modena	Italia
22970	Francesco Maria	Giro	M	17	2013-03-15	2018-03-22	elettivo		1963-05-11	Roma	https://www.geonames.org/3169069	Roma	Italia
29108	Gianni Pietro	Girotto	M	17	2013-03-15	2018-03-22	elettivo		1967-11-12	San Dona' Di Piave	https://www.geonames.org/3168429	Venezia	Italia
29109	Miguel	Gotor	M	17	2013-03-15	2018-03-22	elettivo		1971-04-18	Roma	https://www.geonames.org/3169069	Roma	Italia
25229	Manuela	Granaiola	F	17	2013-03-15	2018-03-22	elettivo		1947-01-11	Pescia	https://www.geonames.org/3171148	Pistoia	Italia
29110	Pietro	Grasso	M	17	2013-03-15	2018-03-22	elettivo		1945-01-01	Licata	https://www.geonames.org/2524393	Agrigento	Italia
29208	Marcello	Gualdani	M	17	2013-03-15	2018-03-22	elettivo		1960-07-30	Palermo	https://www.geonames.org/2523918	Palermo	Italia
28580	Maria Cecilia	Guerra	F	17	2013-03-15	2018-03-22	elettivo		1957-12-06	Nonantola	https://www.geonames.org/3172217	Modena	Italia
29111	Paolo	Guerrieri Paleotti	M	17	2013-03-15	2018-03-22	elettivo		1947-03-04	Roma	https://www.geonames.org/3169069	Roma	Italia
11320	Pietro	Ichino	M	17	2013-03-15	2018-03-22	elettivo		1949-03-22	Milano	https://www.geonames.org/3173434	Milano	Italia
29112	Josefa	Idem	F	17	2013-03-15	2018-03-22	elettivo		1964-09-23	Goch	https://www.geonames.org/2919625		Germania
22558	Pietro	Iurlaro	M	17	2013-03-15	2018-03-22	elettivo		1961-03-27	Francavilla Fontana	https://www.geonames.org/3176603	Brindisi	Italia
29113	Bachisio Silvio	Lai	M	17	2013-03-15	2018-03-22	elettivo		1966-07-20	Sassari	https://www.geonames.org/3167094	Sassari	Italia
29114	Pietro	Langella	M	17	2013-03-15	2018-03-22	elettivo		1960-11-05	Boscoreale	https://www.geonames.org/3181683	Napoli	Italia
29115	Albert	Laniece	M	17	2013-03-15	2018-03-22	elettivo		1966-02-17	Aosta	https://www.geonames.org/3182996	Aosta	Italia
6472	Linda	Lanzillotta	F	17	2013-03-15	2018-03-22	elettivo		1948-09-07	Cassano allo Ionio	https://www.geonames.org/2525110	Cosenza	Italia
5126	Nicola	Latorre	M	17	2013-03-15	2018-03-22	elettivo		1955-09-14	Fasano	https://www.geonames.org/3177171	Brindisi	Italia
29116	Stefano	Lepri	M	17	2013-03-15	2018-03-22	elettivo		1961-02-05	Firenze	https://www.geonames.org/3176958	Firenze	Italia
29117	Barbara	Lezzi	F	17	2013-03-15	2018-03-22	elettivo		1972-04-24	Lecce	https://www.geonames.org/3174952	Lecce	Italia
29118	Pietro	Liuzzi	M	17	2013-03-15	2018-03-22	elettivo		1954-03-16	Noci	https://www.geonames.org/3172240	Bari	Italia
29119	Sergio	Lo Giudice	M	17	2013-03-15	2018-03-22	elettivo		1961-03-29	Messina	https://www.geonames.org/2524169	Messina	Italia
25477	Doris	Lo Moro	F	17	2013-03-15	2018-03-22	elettivo		1955-08-12	Filadelfia	https://www.geonames.org/6538025	Vibo Valentia	Italia
29120	Eva	Longo	F	17	2013-03-15	2018-03-22	elettivo		1949-01-08	Salerno	https://www.geonames.org/3168670	Salerno	Italia
29121	Fausto	Longo	M	17	2013-03-15	2018-03-22	elettivo		1952-07-22	Amparo	https://www.geonames.org/3472310		Brasile
29122	Carlo	Lucherini	M	17	2013-03-15	2018-03-22	elettivo		1953-05-01	Monterotondo	https://www.geonames.org/3172768	Roma	Italia
29123	Stefano	Lucidi	M	17	2013-03-15	2018-03-22	elettivo		1969-06-20	Spoleto	https://www.geonames.org/3166236	Perugia	Italia
1376	Giuseppe	Lumia	M	17	2013-03-15	2018-03-22	elettivo		1960-06-28	Termini Imerese	https://www.geonames.org/2522960	Palermo	Italia
1407	Lucio	Malan	M	17	2013-03-15	2018-03-22	elettivo		1960-07-30	Luserna San Giovanni	https://www.geonames.org/3174429	Torino	Italia
29124	Patrizia	Manassero	F	17	2013-03-15	2018-03-22	elettivo		1960-10-01	Cuneo	https://www.geonames.org/3177699	Cuneo	Italia
1426	Luigi	Manconi	M	17	2013-03-15	2018-03-22	elettivo		1948-02-21	Sassari	https://www.geonames.org/3167094	Sassari	Italia
29125	Bruno	Mancuso	M	17	2013-03-15	2018-03-22	elettivo		1955-07-23	Sant'agata Di Militello	https://www.geonames.org/2523347	Messina	Italia
29126	Andrea	Mandelli	M	17	2013-03-15	2018-03-22	elettivo		1962-08-11	Monza	https://www.geonames.org/3172629	Monza e Brianza	Italia
29127	Giovanna	Mangili	F	17	2013-03-15	2018-03-22	elettivo		1967-08-01	Monza	https://www.geonames.org/3172629	Monza e Brianza	Italia
25208	Mario	Mantovani	M	17	2013-03-15	2013-06-03	elettivo	Dimissioni per incompatibilità	1950-07-28	Arconate	https://www.geonames.org/3182906	Milano	Italia
17695	Alessandro	Maran	M	17	2013-03-15	2018-03-22	elettivo		1960-04-15	Grado	https://www.geonames.org/3121238	Gorizia	Italia
1458	Andrea	Marcucci	M	17	2013-03-15	2018-03-22	elettivo		1965-05-28	Barga	https://www.geonames.org/3182358	Lucca	Italia
23135	Salvatore	Margiotta	M	17	2013-03-15	2018-03-22	elettivo		1964-04-23	Potenza	https://www.geonames.org/3170025	Potenza	Italia
29128	Marco	Marin	M	17	2013-03-15	2018-03-22	elettivo		1963-07-04	Padova	https://www.geonames.org/3171727	Padova	Italia
17698	Giuseppe Francesco Maria	Marinello	M	17	2013-03-15	2018-03-22	elettivo		1958-11-20	Sciacca	https://www.geonames.org/2523194	Agrigento	Italia
22759	Ignazio	Marino	M	17	2013-03-15	2013-05-22	elettivo	Dimissioni accettate	1955-03-10	Genova	https://www.geonames.org/3176217	Genova	Italia
29129	Luigi	Marino	M	17	2013-03-15	2018-03-22	elettivo		1947-05-11	Castel Maggiore	https://www.geonames.org/3179560	Bologna	Italia
21507	Mauro Maria	Marino	M	17	2013-03-15	2018-03-22	elettivo		1963-12-20	Torino	https://www.geonames.org/3165523	Torino	Italia
29130	Carlo	Martelli	M	17	2013-03-15	2018-03-22	elettivo		1966-05-23	Novara	https://www.geonames.org/3172188	Novara	Italia
29131	Claudio	Martini	M	17	2013-03-15	2018-03-22	elettivo		1951-01-10	Bardo	https://www.geonames.org/11109168		Tunisia
29132	Bruno	Marton	M	17	2013-03-15	2018-03-22	elettivo		1969-09-28	Varedo	https://www.geonames.org/3164702	Monza e Brianza	Italia
29133	Marino Germano	Mastrangeli	M	17	2013-03-15	2018-03-22	elettivo		1971-10-26	Lecco	https://www.geonames.org/6458616	Lecco	Italia
1526	Altero	Matteoli	M	17	2013-03-15	2017-12-18	elettivo	Deceduto	1940-09-08	Cecina	https://www.geonames.org/3179235	Livorno	Italia
25466	Donella	Mattesini	F	17	2013-03-15	2018-03-22	elettivo		1956-04-06	Subbiano	https://www.geonames.org/3166053	Arezzo	Italia
29134	Giuseppina	Maturani	F	17	2013-03-15	2018-03-22	elettivo		1950-06-03	Giuliano Di Roma	https://www.geonames.org/3176055	Frosinone	Italia
17704	Giovanni	Mauro	M	17	2013-03-15	2018-03-22	elettivo		1962-06-22	Ragusa	https://www.geonames.org/2523649	Ragusa	Italia
29135	Mario	Mauro	M	17	2013-03-15	2018-03-22	elettivo		1961-07-24	San Giovanni Rotondo	https://www.geonames.org/3168234	Foggia	Italia
25464	Riccardo	Mazzoni	M	17	2013-03-15	2018-03-22	elettivo		1953-11-20	Prato	https://www.geonames.org/6458618	Prato	Italia
23008	Maria Paola	Merloni	F	17	2013-03-15	2018-03-22	elettivo		1963-10-13	Roma	https://www.geonames.org/3169069	Roma	Italia
25205	Alfredo	Messina	M	17	2013-03-15	2018-03-22	elettivo		1935-09-08	Colleferro	https://www.geonames.org/3178398	Roma	Italia
22790	Claudio	Micheloni	M	17	2013-03-15	2018-03-22	elettivo		1952-09-01	Campli	https://www.geonames.org/3181001	Teramo	Italia
4493	Maurizio	Migliavacca	M	17	2013-03-15	2018-03-22	elettivo		1951-04-05	Fiorenzuola D'arda	https://www.geonames.org/3176964	Piacenza	Italia
25458	Antonio	Milo	M	17	2013-03-15	2018-03-22	elettivo		1959-12-05	Agerola	https://www.geonames.org/3183446	Napoli	Italia
29137	Corradino	Mineo	M	17	2013-03-15	2018-03-22	elettivo		1950-01-01	Partanna	https://www.geonames.org/2523872	Trapani	Italia
12379	Marco	Minniti	M	17	2013-03-15	2018-03-22	elettivo		1956-06-06	Reggio Di Calabria	https://www.geonames.org/2523630	Reggio di Calabria	Italia
29205	Augusto	Minzolini	M	17	2013-03-15	2017-04-20	elettivo	Dimissioni accettate	1958-08-03	Roma	https://www.geonames.org/3169069	Roma	Italia
29138	Franco	Mirabelli	M	17	2013-03-15	2018-03-22	elettivo		1960-02-09	Milano	https://www.geonames.org/3173434	Milano	Italia
29139	Francesco	Molinari	M	17	2013-03-15	2018-03-22	elettivo		1964-10-02	Santeramo In Colle	https://www.geonames.org/3167327	Bari	Italia
29140	Michela	Montevecchi	F	17	2013-03-15	2018-03-22	elettivo		1971-04-21	Bologna	https://www.geonames.org/3181927	Bologna	Italia
28543	Mario	Monti	M	17	2013-03-15	2018-03-22	a vita, di nomina del Presidente della Repubblica		1943-03-19	Varese	https://www.geonames.org/3164697	Varese	Italia
29141	Mario	Morgoni	M	17	2013-03-15	2018-03-22	elettivo		1954-10-19	Potenza Picena	https://www.geonames.org/3170023	Macerata	Italia
29142	Vilma	Moronese	F	17	2013-03-15	2018-03-22	elettivo		1971-05-31	Santa Maria Capua Vetere	https://www.geonames.org/3167561	Caserta	Italia
29143	Nicola	Morra	M	17	2013-03-15	2018-03-22	elettivo		1963-07-05	Genova	https://www.geonames.org/3176217	Genova	Italia
29144	Claudio	Moscardelli	M	17	2013-03-15	2018-03-22	elettivo		1962-08-30	Latina	https://www.geonames.org/3175057	Latina	Italia
29145	Massimo	Mucchetti	M	17	2013-03-15	2018-03-22	elettivo		1953-12-12	Brescia	https://www.geonames.org/3181553	Brescia	Italia
17614	Franco	Mugnai	M	17	2017-12-21	2018-03-22	elettivo		1953-09-24	Castell'Azzara	https://www.geonames.org/3179641	Grosseto	Italia
25449	Emanuela	Munerato	F	17	2013-03-15	2018-03-22	elettivo		1966-01-06	Lendinara	https://www.geonames.org/3174896	Rovigo	Italia
29146	Maria	Mussini	F	17	2013-03-15	2018-03-22	elettivo		1967-01-02	Reggio nell'Emilia	https://www.geonames.org/3169524	Reggio nell'Emilia	Italia
1662	Alessandra	Mussolini	F	17	2013-03-15	2014-06-30	elettivo	Dimissioni per incompatibilità	1962-12-30	Roma	https://www.geonames.org/3169069	Roma	Italia
8988	Paolo	Naccarato	M	17	2013-05-07	2018-03-22	elettivo		1958-10-23	Cosenza	https://www.geonames.org/2524906	Cosenza	Italia
1672	Giorgio	Napolitano	M	17	2015-01-14	2018-03-22	di diritto e a vita, Presidente emerito della Repubblica		1925-06-29	Napoli	https://www.geonames.org/3172391	Napoli	Italia
1686	Riccardo	Nencini	M	17	2013-03-15	2018-03-22	elettivo		1959-10-19	Barberino Di Mugello	https://www.geonames.org/3182390	Firenze	Italia
29147	Paola	Nugnes	F	17	2013-03-15	2018-03-22	elettivo		1962-10-23	Napoli	https://www.geonames.org/3172391	Napoli	Italia
29148	Andrea	Olivero	M	17	2013-03-15	2018-03-22	elettivo		1970-02-24	Cuneo	https://www.geonames.org/3177699	Cuneo	Italia
29149	Luis Alberto	Orellana	M	17	2013-03-15	2018-03-22	elettivo		1961-08-17	Caracas	https://www.geonames.org/3646738		Venezuela
29150	Pamela Giacoma Giovanna	Orru'	F	17	2013-03-15	2018-03-22	elettivo		1967-01-07	Trapani	https://www.geonames.org/2522875	Trapani	Italia
29151	Venera	Padua	F	17	2013-03-15	2018-03-22	elettivo		1957-04-17	Scicli	https://www.geonames.org/2523192	Ragusa	Italia
29152	Pippo	Pagano	M	17	2013-03-15	2018-03-22	elettivo		1951-06-26	Malvagna	https://www.geonames.org/2524313	Messina	Italia
29153	Giorgio	Pagliari	M	17	2013-03-15	2018-03-22	elettivo		1950-10-05	Parma	https://www.geonames.org/3171456	Parma	Italia
29154	Sara	Paglini	F	17	2013-03-15	2018-03-22	elettivo		1961-01-06	Carrara	https://www.geonames.org/3180423	Massa-Carrara	Italia
30259	Lionello Marco	Pagnoncelli	M	17	2013-06-03	2018-03-22	elettivo		1953-09-26	Bottanuco	https://www.geonames.org/3181668	Bergamo	Italia
29155	Francesco	Palermo	M	17	2013-03-15	2018-03-22	elettivo		1969-10-11	Bolzano	https://www.geonames.org/3181912	Bolzano	Italia
17739	Nitto Francesco	Palma	M	17	2013-03-15	2018-03-22	elettivo		1950-03-03	Roma	https://www.geonames.org/3169069	Roma	Italia
29156	Franco	Panizza	M	17	2013-03-15	2018-03-22	elettivo		1959-12-24	Campodenno	https://www.geonames.org/3180982	Trento	Italia
29157	Annamaria	Parente	F	17	2013-03-15	2018-03-22	elettivo		1960-09-17	Napoli	https://www.geonames.org/3172391	Napoli	Italia
22767	Carlo	Pegorer	M	17	2013-03-15	2018-03-22	elettivo		1955-05-21	San Vito al Tagliamento	https://www.geonames.org/3167186	Pordenone	Italia
23035	Paola	Pelino	F	17	2013-03-15	2018-03-22	elettivo		1954-11-20	Sulmona	https://www.geonames.org/3166034	L'Aquila	Italia
29158	Bartolomeo	Pepe	M	17	2013-03-15	2018-03-22	elettivo		1962-11-03	Napoli	https://www.geonames.org/3172391	Napoli	Italia
29159	Luigi	Perrone	M	17	2013-03-15	2018-03-22	elettivo		1946-05-01	Corato	https://www.geonames.org/3178131	Bari	Italia
29160	Alessia	Petraglia	F	17	2013-03-15	2018-03-22	elettivo		1967-10-16	Eboli	https://www.geonames.org/6541807	Salerno	Italia
29161	Vito Rosario	Petrocelli	M	17	2013-03-15	2018-03-22	elettivo		1964-02-08	Taranto	https://www.geonames.org/3165924	Taranto	Italia
29162	Stefania	Pezzopane	F	17	2013-03-15	2018-03-22	elettivo		1960-01-04	L'Aquila	https://www.geonames.org/3175120	L'Aquila	Italia
30512	Renzo	Piano	M	17	2013-08-30	2018-03-22	a vita, di nomina del Presidente della Repubblica		1937-09-14	Genova	https://www.geonames.org/3176217	Genova	Italia
29212	Enrico	Piccinelli	M	17	2013-05-28	2018-03-22	elettivo		1964-10-11	Seriate	https://www.geonames.org/3166706	Bergamo	Italia
29163	Giovanni	Piccoli	M	17	2013-03-15	2018-03-22	elettivo		1958-08-05	Belluno	https://www.geonames.org/3182209	Belluno	Italia
22770	Leana	Pignedoli	F	17	2013-03-15	2018-03-22	elettivo		1956-05-06	Castelnovo ne' Monti	https://www.geonames.org/3179546	Reggio nell'Emilia	Italia
17750	Roberta	Pinotti	F	17	2013-03-15	2018-03-22	elettivo		1961-05-20	Genova	https://www.geonames.org/3176217	Genova	Italia
25424	Luciano	Pizzetti	M	17	2013-03-15	2018-03-22	elettivo		1959-06-04	Cremona	https://www.geonames.org/3177837	Cremona	Italia
29164	Sergio	Puglia	M	17	2013-03-15	2018-03-22	elettivo		1972-11-11	Portici	https://www.geonames.org/3170116	Napoli	Italia
29165	Francesca	Puglisi	F	17	2013-03-15	2018-03-22	elettivo		1969-07-07	Fano	https://www.geonames.org/3177219	Pesaro e Urbino	Italia
29166	Laura	Puppato	F	17	2013-03-15	2018-03-22	elettivo		1957-02-17	Crocetta Del Montello	https://www.geonames.org/3177773	Treviso	Italia
18715	Gaetano	Quagliariello	M	17	2013-03-15	2018-03-22	elettivo		1960-04-23	Napoli	https://www.geonames.org/3172391	Napoli	Italia
25235	Raffaele	Ranucci	M	17	2013-03-15	2018-03-22	elettivo		1957-09-24	Roma	https://www.geonames.org/3169069	Roma	Italia
23054	Antonio	Razzi	M	17	2013-03-15	2018-03-22	elettivo		1948-02-22	Giuliano Teatino	https://www.geonames.org/3176054	Chieti	Italia
25416	Manuela	Repetti	F	17	2013-03-15	2018-03-22	elettivo		1966-12-17	Novi Ligure	https://www.geonames.org/3172170	Alessandria	Italia
29167	Lucrezia	Ricchiuti	F	17	2013-03-15	2018-03-22	elettivo		1956-07-15	Cormano	https://www.geonames.org/3178087	Milano	Italia
25198	Maria	Rizzotti	F	17	2013-03-15	2018-03-22	elettivo		1953-11-08	Firenze	https://www.geonames.org/3176958	Firenze	Italia
29168	Maurizio	Romani	M	17	2013-03-15	2018-03-22	elettivo		1954-02-18	Castel San Niccolo'	https://www.geonames.org/3179483	Arezzo	Italia
2064	Paolo	Romani	M	17	2013-03-15	2018-03-22	elettivo		1947-09-18	Milano	https://www.geonames.org/3173434	Milano	Italia
29169	Lucio	Romano	M	17	2013-03-15	2018-03-22	elettivo		1955-01-09	Aversa	https://www.geonames.org/3182640	Caserta	Italia
29170	Gianluca	Rossi	M	17	2013-03-15	2018-03-22	elettivo		1965-06-11	Terni	https://www.geonames.org/3165770	Terni	Italia
23060	Luciano	Rossi	M	17	2013-03-15	2018-03-22	elettivo		1953-06-25	Foligno	https://www.geonames.org/3176854	Perugia	Italia
25412	Mariarosaria	Rossi	F	17	2013-03-15	2018-03-22	elettivo		1972-03-08	Piedimonte Matese	https://www.geonames.org/6542350	Caserta	Italia
29171	Maurizio	Rossi	M	17	2013-03-15	2018-03-22	elettivo		1957-06-27	Genova	https://www.geonames.org/3176217	Genova	Italia
30510	Carlo	Rubbia	M	17	2013-08-30	2018-03-22	a vita, di nomina del Presidente della Repubblica		1934-03-31	Gorizia	https://www.geonames.org/3175985	Gorizia	Italia
29172	Francesco	Russo	M	17	2013-03-15	2018-03-22	elettivo		1969-06-22	Trieste	https://www.geonames.org/3165184	Trieste	Italia
17769	Roberto	Ruta	M	17	2013-03-15	2018-03-22	elettivo		1966-09-30	Campobasso	https://www.geonames.org/3180990	Campobasso	Italia
17635	Giuseppe	Ruvolo	M	17	2013-03-15	2018-03-22	elettivo		1951-05-03	Ribera	https://www.geonames.org/2523619	Agrigento	Italia
2132	Maurizio	Sacconi	M	17	2013-03-15	2018-03-22	elettivo		1950-07-13	Conegliano	https://www.geonames.org/3178197	Treviso	Italia
29173	Angelica	Saggese	F	17	2013-03-15	2018-03-22	elettivo		1972-04-10	Oliveto Citra	https://www.geonames.org/3172051	Salerno	Italia
25224	Gian Carlo	Sangalli	M	17	2013-03-15	2018-03-22	elettivo		1952-09-01	Arezzo	https://www.geonames.org/3182882	Arezzo	Italia
29174	Vincenzo	Santangelo	M	17	2013-03-15	2018-03-22	elettivo		1972-03-05	Trapani	https://www.geonames.org/2522875	Trapani	Italia
29175	Giorgio	Santini	M	17	2013-03-15	2018-03-22	elettivo		1954-07-07	Marostica	https://www.geonames.org/3173878	Vicenza	Italia
29176	Francesco	Scalia	M	17	2013-03-15	2018-03-22	elettivo		1962-12-06	Picinisco	https://www.geonames.org/3170864	Frosinone	Italia
2214	Antonio	Scavone	M	17	2013-03-15	2018-03-22	elettivo		1956-11-16	Catania	https://www.geonames.org/2525065	Catania	Italia
3939	Renato	Schifani	M	17	2013-03-15	2018-03-22	elettivo		1950-05-11	Palermo	https://www.geonames.org/2523918	Palermo	Italia
25206	Salvatore	Sciascia	M	17	2013-03-15	2018-03-22	elettivo		1943-03-21	Moglia	https://www.geonames.org/3173317	Mantova	Italia
29177	Marco	Scibona	M	17	2013-03-15	2018-03-22	elettivo		1967-06-08	Wald	https://www.geonames.org/2658073		Svizzera
25398	Domenico	Scilipoti Isgro'	M	17	2013-03-15	2018-03-22	elettivo		1957-08-26	Barcellona Pozzo Di Gotto	https://www.geonames.org/2525597	Messina	Italia
29178	Francesco	Scoma	M	17	2013-03-15	2018-03-22	elettivo		1961-08-25	Palermo	https://www.geonames.org/2523918	Palermo	Italia
32435	Liliana	Segre	F	17	2018-01-19	2018-03-22	a vita, di nomina del Presidente della Repubblica		1930-09-10	Milano	https://www.geonames.org/3173434	Milano	Italia
25207	Giancarlo	Serafini	M	17	2013-03-15	2018-03-22	elettivo		1941-03-02	Rivoli	https://www.geonames.org/3169231	Torino	Italia
29179	Manuela	Serra	F	17	2013-03-15	2018-03-22	elettivo		1971-10-26	Cagliari	https://www.geonames.org/2525471	Cagliari	Italia
25245	Cosimo	Sibilia	M	17	2013-03-15	2018-03-22	elettivo		1959-02-01	Avellino	https://www.geonames.org/3182649	Avellino	Italia
29180	Annalisa	Silvestro	F	17	2013-03-15	2018-03-22	elettivo		1951-11-09	Attimis	https://www.geonames.org/3182692	Udine	Italia
29181	Ivana	Simeoni	F	17	2013-03-15	2018-03-22	elettivo		1950-12-28	Roccantica	https://www.geonames.org/3169160	Rieti	Italia
29182	Pasquale	Sollo	M	17	2013-03-15	2018-03-22	elettivo		1964-05-31	Casavatore	https://www.geonames.org/6542339	Napoli	Italia
29183	Lodovico	Sonego	M	17	2013-03-15	2018-03-22	elettivo		1956-02-20	Charleroi	https://www.geonames.org/2800481		Belgio
29184	Maria	Spilabotte	F	17	2013-03-15	2018-03-22	elettivo		1972-11-14	Frosinone	https://www.geonames.org/3176513	Frosinone	Italia
2313	Ugo	Sposetti	M	17	2013-03-15	2018-03-22	elettivo		1947-01-21	Tolentino	https://www.geonames.org/3165595	Macerata	Italia
29185	Erika	Stefani	F	17	2013-03-15	2018-03-22	elettivo		1971-07-18	Valdagno	https://www.geonames.org/3164954	Vicenza	Italia
29186	Dario	Stefano	M	17	2013-03-15	2018-03-22	elettivo		1963-08-02	Scorrano	https://www.geonames.org/3166872	Lecce	Italia
4569	Giacomo	Stucchi	M	17	2013-03-15	2018-03-22	elettivo		1969-02-20	Bergamo	https://www.geonames.org/3182163	Bergamo	Italia
29187	Gianluca	Susta	M	17	2013-03-15	2018-03-22	elettivo		1956-04-10	Biella	https://www.geonames.org/6457397	Biella	Italia
29188	Lucio	Tarquinio	M	17	2013-03-15	2018-03-22	elettivo		1949-07-18	Foggia	https://www.geonames.org/3176884	Foggia	Italia
29189	Paola	Taverna	F	17	2013-03-15	2018-03-22	elettivo		1969-03-02	Roma	https://www.geonames.org/3169069	Roma	Italia
17796	Walter	Tocci	M	17	2013-03-15	2018-03-22	elettivo		1952-09-26	Poggio Moiano	https://www.geonames.org/3170455	Rieti	Italia
23080	Salvatore	Tomaselli	M	17	2013-03-15	2018-03-22	elettivo		1959-12-02	Francavilla Fontana	https://www.geonames.org/3176603	Brindisi	Italia
17651	Giorgio	Tonini	M	17	2013-03-15	2018-03-22	elettivo		1959-01-05	Roma	https://www.geonames.org/3169069	Roma	Italia
25386	Salvatore	Torrisi	M	17	2013-03-15	2018-03-22	elettivo		1957-11-01	Catania	https://www.geonames.org/2525065	Catania	Italia
30915	Paolo	Tosato	M	17	2014-07-02	2018-03-22	elettivo		1972-09-08	Negrar	https://www.geonames.org/3172338	Verona	Italia
2419	Giulio	Tremonti	M	17	2013-03-15	2018-03-22	elettivo		1947-08-18	Sondrio	https://www.geonames.org/3166396	Sondrio	Italia
2430	Mario	Tronti	M	17	2013-03-15	2018-03-22	elettivo		1931-07-24	Roma	https://www.geonames.org/3169069	Roma	Italia
22794	Renato Guerino	Turano	M	17	2013-03-15	2018-03-22	elettivo		1942-10-02	Castrolibero	https://www.geonames.org/2525075	Cosenza	Italia
29191	Luciano	Uras	M	17	2013-03-15	2018-03-22	elettivo		1954-10-06	Iglesias	https://www.geonames.org/2524533	Carbonia-Iglesias	Italia
29192	Stefano	Vaccari	M	17	2013-03-15	2018-03-22	elettivo		1967-04-10	Modena	https://www.geonames.org/3173330	Modena	Italia
29193	Giuseppe	Vacciano	M	17	2013-03-15	2018-03-22	elettivo		1972-09-15	Napoli	https://www.geonames.org/3172391	Napoli	Italia
31042	Mara	Valdinosi	F	17	2014-10-16	2018-03-22	elettivo		1959-12-21	Cesena	https://www.geonames.org/3178957	Forli'-Cesena	Italia
29200	Daniela	Valentini	F	17	2013-03-15	2018-03-22	elettivo		1948-09-01	Roma	https://www.geonames.org/3169069	Roma	Italia
29194	Vito	Vattuone	M	17	2013-03-15	2018-03-22	elettivo		1958-12-25	Casarza Ligure	https://www.geonames.org/6542451	Genova	Italia
17801	Denis	Verdini	M	17	2013-03-15	2018-03-22	elettivo		1951-05-08	Fivizzano	https://www.geonames.org/3176919	Massa-Carrara	Italia
28924	Francesco	Verducci	M	17	2013-03-15	2018-03-22	elettivo		1972-10-05	Fermo	https://www.geonames.org/3177099	Fermo	Italia
17803	Antonio	Verro	M	17	2013-03-15	2013-05-28	elettivo	Dimissioni per incompatibilità	1946-01-24	Palermo	https://www.geonames.org/2523918	Palermo	Italia
25270	Simona	Vicari	F	17	2013-03-15	2018-03-22	elettivo		1967-03-17	Palermo	https://www.geonames.org/2523918	Palermo	Italia
17805	Guido	Viceconte	M	17	2013-03-15	2018-03-22	elettivo		1949-04-04	Francavilla in Sinni	https://www.geonames.org/3176602	Potenza	Italia
10369	Riccardo	Villari	M	17	2013-03-15	2018-03-22	elettivo		1956-03-15	Napoli	https://www.geonames.org/3172391	Napoli	Italia
20001	Raffaele	Volpi	M	17	2013-03-15	2018-03-22	elettivo		1960-02-27	Pavia	https://www.geonames.org/3171364	Pavia	Italia
20658	Luigi	Zanda	M	17	2013-03-15	2018-03-22	elettivo		1942-11-28	Cagliari	https://www.geonames.org/2525471	Cagliari	Italia
17811	Pierantonio	Zanettin	M	17	2013-03-15	2014-09-25	elettivo	Eletto membro del Consiglio Superiore della Magistratura	1961-07-13	Vicenza	https://www.geonames.org/3164418	Vicenza	Italia
29195	Magda Angela	Zanoni	F	17	2013-03-15	2018-03-22	elettivo		1955-07-19	Torino	https://www.geonames.org/3165523	Torino	Italia
17663	Sergio	Zavoli	M	17	2013-03-15	2018-03-22	elettivo		1923-09-21	Ravenna	https://www.geonames.org/3169560	Ravenna	Italia
2553	Karl	Zeller	M	17	2013-03-15	2018-03-22	elettivo		1961-01-09	Merano	https://www.geonames.org/3173577	Bolzano	Italia
29196	Claudio	Zin	M	17	2013-03-15	2018-03-22	elettivo		1945-11-11	Bolzano	https://www.geonames.org/3181912	Bolzano	Italia
29197	Vittorio	Zizza	M	17	2013-03-15	2018-03-22	elettivo		1967-01-27	Ostuni	https://www.geonames.org/3171786	Brindisi	Italia
29210	Sante	Zuffada	M	17	2013-03-15	2018-03-22	elettivo		1944-07-18	Borgo San Giovanni	https://www.geonames.org/6543682	Lodi	Italia
32576	Rosa Silvana	Abate	F	18	2018-03-23		elettivo		1963-12-11	Corigliano Calabro	https://www.geonames.org/2524929	Cosenza	Italia
32577	Rossella	Accoto	F	18	2018-03-23		elettivo		1969-10-13	Brindisi	https://www.geonames.org/3181526	Brindisi	Italia
29248	Donatella	Agostinelli	F	18	2018-03-23		elettivo		1974-04-03	Jesi	https://www.geonames.org/6541474	Ancona	Italia
32741	Enrico	Aimi	M	18	2018-03-23		elettivo		1960-03-10	Modena	https://www.geonames.org/3173330	Modena	Italia
29034	Alberto	Airola	M	18	2018-03-23		elettivo		1970-05-13	Moncalieri	https://www.geonames.org/3173180	Torino	Italia
32	Maria Elisabetta	Alberti Casellati	F	18	2018-03-23		elettivo		1946-08-12	Rovigo	https://www.geonames.org/3168842	Rovigo	Italia
32742	Francesca	Alderisi	F	18	2018-03-23		elettivo		1968-03-29	Treviso	https://www.geonames.org/3165200	Treviso	Italia
35119	Valeria	Alessandrini	F	18	2020-03-12		elettivo		1975-08-26	Terni	https://www.geonames.org/3165770	Terni	Italia
32578	Alessandro	Alfieri	M	18	2018-03-23		elettivo		1972-02-02	Varese	https://www.geonames.org/3164697	Varese	Italia
32579	Cristiano	Anastasi	M	18	2018-03-23		elettivo		1971-10-23	Giarre	https://www.geonames.org/2524618	Catania	Italia
32580	Luisa	Angrisani	F	18	2018-03-23		elettivo		1963-11-09	Sarno	https://www.geonames.org/3167116	Salerno	Italia
29039	Paolo	Arrigoni	M	18	2018-03-23		elettivo		1964-06-14	Lecco	https://www.geonames.org/6458616	Lecco	Italia
29040	Bruno	Astorre	M	18	2018-03-23		elettivo		1963-03-11	Roma	https://www.geonames.org/3169069	Roma	Italia
32581	Giuseppe	Auddino	M	18	2018-03-23		elettivo		1971-04-26	Polistena	https://www.geonames.org/2523738	Reggio di Calabria	Italia
19244	Luigi	Augussori	M	18	2018-03-23		elettivo		1972-10-27	Lodi	https://www.geonames.org/6458617	Lodi	Italia
32582	Alberto	Bagnai	M	18	2018-03-23		elettivo		1962-12-10	Firenze	https://www.geonames.org/3176958	Firenze	Italia
17542	Alberto	Balboni	M	18	2018-03-23		elettivo		1959-06-19	Ferrara	https://www.geonames.org/3177088	Ferrara	Italia
32583	Alberto	Barachini	M	18	2018-03-23		elettivo		1972-08-21	Pisa	https://www.geonames.org/3170646	Pisa	Italia
25565	Claudio	Barbaro	M	18	2018-03-23		elettivo		1955-07-17	Roma	https://www.geonames.org/3169069	Roma	Italia
32584	Antonio	Barboni	M	18	2018-03-23		elettivo		1959-05-02	Teramo	https://www.geonames.org/3165802	Teramo	Italia
24989	Francesco	Battistoni	M	18	2018-03-23		elettivo		1967-02-23	Montefiascone	https://www.geonames.org/3172931	Viterbo	Italia
22865	Teresa	Bellanova	F	18	2018-03-23		elettivo		1958-08-17	Ceglie Messapica	https://www.geonames.org/3179218	Brindisi	Italia
32585	Roberto	Berardi	M	18	2018-03-23		elettivo		1972-06-04	Grosseto	https://www.geonames.org/3175784	Grosseto	Italia
32586	Giorgio Maria	Bergesio	M	18	2018-03-23		elettivo		1963-11-22	Bra	https://www.geonames.org/3181631	Cuneo	Italia
25558	Anna Maria	Bernini	F	18	2018-03-23		elettivo		1965-08-17	Bologna	https://www.geonames.org/3181927	Bologna	Italia
31009	Stefano	Bertacco	M	18	2018-03-23	2020-06-14	elettivo	Deceduto	1962-12-29	Verona	https://www.geonames.org/3164526	Verona	Italia
32587	Massimo Vittorio	Berutti	M	18	2018-03-23		elettivo		1967-01-25	Tortona	https://www.geonames.org/3171886	Alessandria	Italia
19777	Sandro Mario	Biasotti	M	18	2018-03-23		elettivo		1948-07-02	Genova	https://www.geonames.org/3176217	Genova	Italia
22712	Paola	Binetti	F	18	2018-03-23		elettivo		1943-03-29	Roma	https://www.geonames.org/3169069	Roma	Italia
29282	Caterina	Bini	F	18	2018-03-23		elettivo		1975-09-11	Pistoia	https://www.geonames.org/3170620	Pistoia	Italia
32588	Caterina	Biti	F	18	2018-03-23		elettivo		1976-09-27	Firenze	https://www.geonames.org/3176958	Firenze	Italia
32589	Vittoria Francesca Maria	Bogo Deledda	F	18	2018-03-23	2020-03-17	elettivo	Deceduto	1967-01-01	Posada	https://www.geonames.org/3170060	Nuoro	Italia
31143	Paola	Boldrini	F	18	2018-03-23		elettivo		1960-08-08	Occhiobello	https://www.geonames.org/3172128	Rovigo	Italia
22717	Anna Cinzia	Bonfrisco	F	18	2018-03-23	2019-07-01	elettivo	Dimissioni per incompatibilità	1962-10-12	Riva del Garda	https://www.geonames.org/3169272	Trento	Italia
22877	Giulia	Bongiorno	F	18	2018-03-23		elettivo		1966-03-22	Palermo	https://www.geonames.org/2523918	Palermo	Italia
29288	Francesco	Bonifazi	M	18	2018-03-23		elettivo		1976-06-24	Firenze	https://www.geonames.org/3176958	Firenze	Italia
321	Emma	Bonino	F	18	2018-03-23		elettivo		1948-03-09	Bra	https://www.geonames.org/3181631	Cuneo	Italia
29292	Stefano	Borghesi	M	18	2018-03-23		elettivo		1977-09-16	Brescia	https://www.geonames.org/3181553	Brescia	Italia
32590	Lucia	Borgonzoni	F	18	2018-03-23		elettivo		1976-09-18	Bologna	https://www.geonames.org/3181927	Bologna	Italia
32591	Simone	Bossi	M	18	2018-03-23		elettivo		1976-08-23	Codogno	https://www.geonames.org/3178499	Lodi	Italia
356	Umberto	Bossi	M	18	2018-03-23		elettivo		1941-09-19	Cassano Magnago	https://www.geonames.org/6542310	Varese	Italia
29053	Laura	Bottici	F	18	2018-03-23		elettivo		1971-07-03	Carrara	https://www.geonames.org/3180423	Massa-Carrara	Italia
32592	Elena	Botto	F	18	2018-03-23		elettivo		1974-11-13	Genova	https://www.geonames.org/3176217	Genova	Italia
4351	Gianclaudio	Bressa	M	18	2018-03-23		elettivo		1956-01-16	Belluno	https://www.geonames.org/3182209	Belluno	Italia
32593	Luca	Briziarelli	M	18	2018-03-23		elettivo		1976-02-11	Perugia	https://www.geonames.org/3171179	Perugia	Italia
32743	Francesco	Bruzzone	M	18	2018-03-23		elettivo		1962-05-23	Genova	https://www.geonames.org/3176217	Genova	Italia
29055	Maurizio	Buccarella	M	18	2018-03-23		elettivo		1964-07-30	Lecce	https://www.geonames.org/3174952	Lecce	Italia
34485	Nicola	Calandrini	M	18	2019-03-19		elettivo		1966-11-05	Latina	https://www.geonames.org/3175057	Latina	Italia
422	Roberto	Calderoli	M	18	2018-03-23		elettivo		1956-04-18	Bergamo	https://www.geonames.org/3182163	Bergamo	Italia
25214	Giacomo	Caliendo	M	18	2018-03-23		elettivo		1942-08-28	Saviano	https://www.geonames.org/3167035	Napoli	Italia
34676	Fulvia Michela	Caligiuri	F	18	2019-07-31		elettivo		1973-07-01	Cosenza	https://www.geonames.org/2524906	Cosenza	Italia
32594	Antonella	Campagna	F	18	2018-03-23		elettivo		1966-09-04	Termini Imerese	https://www.geonames.org/2522960	Palermo	Italia
32595	Maurizio	Campari	M	18	2018-03-23		elettivo		1974-09-18	Parma	https://www.geonames.org/3171456	Parma	Italia
29059	Stefano	Candiani	M	18	2018-03-23		elettivo		1971-12-11	Busto Arsizio	https://www.geonames.org/3181355	Varese	Italia
32596	Massimo	Candura	M	18	2018-03-23		elettivo		1974-01-25	Treviso	https://www.geonames.org/3165200	Treviso	Italia
32597	Andrea	Cangini	M	18	2018-03-23		elettivo		1969-03-05	Roma	https://www.geonames.org/3169069	Roma	Italia
32598	Maria Cristina	Cantu'	F	18	2018-03-23		elettivo		1964-12-21	Varese	https://www.geonames.org/3164697	Varese	Italia
32744	Vincenzo	Carbone	M	18	2018-03-23		elettivo		1965-06-03	Palma Campania	https://www.geonames.org/3171576	Napoli	Italia
32745	Adriano	Cario	M	18	2018-03-23	2021-12-02	elettivo	Mancata convalida dell'elezione	1972-05-17	Montevideo	https://sws.geonames.org/3441575		Uruguay
520	Pier Ferdinando	Casini	M	18	2018-03-23		elettivo		1955-12-03	Bologna	https://www.geonames.org/3181927	Bologna	Italia
32599	Marzia	Casolati	F	18	2018-03-23		elettivo		1970-07-16	Torino	https://www.geonames.org/3165523	Torino	Italia
29065	Gianluca	Castaldi	M	18	2018-03-23		elettivo		1970-06-27	Vasto	https://www.geonames.org/3164672	Chieti	Italia
32600	Maria Domenica	Castellone	F	18	2018-03-23		elettivo		1975-04-03	Villaricca	https://www.geonames.org/3164153	Napoli	Italia
32601	Francesco	Castiello	M	18	2018-03-23		elettivo		1942-10-13	Vallo Della Lucania	https://www.geonames.org/3164794	Salerno	Italia
29066	Nunzia	Catalfo	F	18	2018-03-23		elettivo		1967-07-29	Catania	https://www.geonames.org/2525065	Catania	Italia
30511	Elena	Cattaneo	F	18	2018-03-23		a vita, di nomina del Presidente della Repubblica		1962-10-22	Milano	https://www.geonames.org/3173434	Milano	Italia
29329	Andrea	Causin	M	18	2018-03-23		elettivo		1972-09-13	Venezia	https://www.geonames.org/3164600	Venezia	Italia
29067	Gian Marco	Centinaio	M	18	2018-03-23		elettivo		1971-10-31	Pavia	https://www.geonames.org/3171364	Pavia	Italia
32602	Tommaso	Cerno	M	18	2018-03-23		elettivo		1975-01-28	Udine	https://www.geonames.org/3165071	Udine	Italia
4373	Luigi	Cesaro	M	18	2018-03-23		elettivo		1952-02-19	Sant'Antimo	https://www.geonames.org/3167419	Napoli	Italia
29069	Lello	Ciampolillo	M	18	2018-03-23		elettivo		1972-02-02	Bari	https://www.geonames.org/3182350	Bari	Italia
29070	Andrea	Cioffi	M	18	2018-03-23		elettivo		1962-02-04	Massa	https://www.geonames.org/3173775	Massa-Carrara	Italia
32603	Luca	Ciriani	M	18	2018-03-23		elettivo		1967-01-26	Pordenone	https://www.geonames.org/3170146	Pordenone	Italia
18499	Monica	Cirinna'	F	18	2018-03-23		elettivo		1963-02-15	Roma	https://www.geonames.org/3169069	Roma	Italia
29072	Stefano	Collina	M	18	2018-03-23		elettivo		1966-12-28	Faenza	https://www.geonames.org/3177300	Ravenna	Italia
32604	Mauro	Coltorti	M	18	2018-03-23		elettivo		1954-12-12	Jesi	https://www.geonames.org/6541474	Ancona	Italia
32746	Eugenio	Comincini	M	18	2018-03-23		elettivo		1972-12-20	Cernusco sul Naviglio	https://www.geonames.org/3179066	Milano	Italia
32605	Donatella	Conzatti	F	18	2018-03-23		elettivo		1974-02-20	Rovereto	https://www.geonames.org/3168854	Trento	Italia
32606	Gianmarco	Corbetta	M	18	2018-03-23		elettivo		1972-06-12	Milano	https://www.geonames.org/3173434	Milano	Italia
32607	Margherita	Corrado	F	18	2018-03-23		elettivo		1969-05-11	Crotone	https://www.geonames.org/6458615	Crotone	Italia
34675	Stefano	Corti	M	18	2019-07-31		elettivo		1975-07-16	Carpi	https://www.geonames.org/3180445	Modena	Italia
22914	Stefania Gabriella Anastasia	Craxi	F	18	2018-03-23		elettivo		1960-10-25	Milano	https://www.geonames.org/3173434	Milano	Italia
29075	Vito Claudio	Crimi	M	18	2018-03-23		elettivo		1972-04-26	Palermo	https://www.geonames.org/2523918	Palermo	Italia
32608	Marco	Croatti	M	18	2018-03-23		elettivo		1972-09-17	Rimini	https://www.geonames.org/6457404	Rimini	Italia
32609	Mattia	Crucioli	M	18	2018-03-23		elettivo		1976-05-03	Genova	https://www.geonames.org/3176217	Genova	Italia
29076	Giuseppe Luigi Salvatore	Cucca	M	18	2018-03-23		elettivo		1957-07-30	Bosa	https://www.geonames.org/3181706	Oristano	Italia
32610	Luciano	D'Alfonso	M	18	2018-03-23		elettivo		1965-12-13	Lettomanoppello	https://www.geonames.org/3174812	Pescara	Italia
32612	Grazia	D'Angelo	F	18	2018-03-23		elettivo		1975-07-19	Messina	https://www.geonames.org/2524169	Messina	Italia
29358	Vincenzo	D'Arienzo	M	18	2018-03-23		elettivo		1965-12-27	San Cipriano Picentino	https://www.geonames.org/3168475	Salerno	Italia
32611	Franco	Dal Mas	M	18	2018-03-23		elettivo		1964-07-15	Pordenone	https://www.geonames.org/3170146	Pordenone	Italia
32747	Dario	Damiani	M	18	2018-03-23		elettivo		1974-06-21	Barletta	https://www.geonames.org/3182340	Barletta-Andria-Trani	Italia
32614	Saverio	De Bonis	M	18	2018-03-23		elettivo		1964-11-19	Irsina	https://www.geonames.org/3175466	Matera	Italia
32898	Luca	De Carlo	M	18	2020-09-24		elettivo		1972-08-07	PIEVE DI CADORE	https://www.geonames.org/3170754	Belluno	Italia
32615	Gregorio	De Falco	M	18	2018-03-23		elettivo		1965-03-08	Napoli	https://www.geonames.org/3172391	Napoli	Italia
32617	Danila	De Lucia	F	18	2018-03-23		elettivo		1961-12-03	Benevento	https://www.geonames.org/3182178	Benevento	Italia
17578	Loredana	De Petris	F	18	2018-03-23		elettivo		1957-11-24	Roma	https://www.geonames.org/3169069	Roma	Italia
22814	Antonio	De Poli	M	18	2018-03-23		elettivo		1960-10-04	Vicenza	https://www.geonames.org/3164418	Vicenza	Italia
27874	Domenico	De Siano	M	18	2018-03-23		elettivo		1958-09-15	Ischia	https://www.geonames.org/3175455	Napoli	Italia
32748	William	De Vecchis	M	18	2018-03-23		elettivo		1971-05-28	Roma	https://www.geonames.org/3169069	Roma	Italia
32616	Gianmauro	Dell'Olio	M	18	2018-03-23		elettivo		1968-03-07	Bari	https://www.geonames.org/3182350	Bari	Italia
32618	Emanuele	Dessi'	M	18	2018-03-23		elettivo		1964-03-30	Roma	https://www.geonames.org/3169069	Roma	Italia
32619	Gabriella	Di Girolamo	F	18	2018-03-23		elettivo		1977-05-15	Sulmona	https://www.geonames.org/3166034	L'Aquila	Italia
32620	Luigi	Di Marzio	M	18	2018-03-23		elettivo		1951-05-11	Bojano	https://www.geonames.org/3181939	Campobasso	Italia
32749	Fabio	Di Micco	M	18	2018-03-23		elettivo		1977-06-19	Caserta	https://www.geonames.org/3179865	Caserta	Italia
32621	Primo	Di Nicola	M	18	2018-03-23		elettivo		1952-10-18	Castellafiume	https://www.geonames.org/3179665	L'Aquila	Italia
32622	Stanislao	Di Piazza	M	18	2018-03-23		elettivo		1957-07-15	Palermo	https://www.geonames.org/2523918	Palermo	Italia
29090	Daniela	Donno	F	18	2018-03-23		elettivo		1960-01-11	Lecce	https://www.geonames.org/3174952	Lecce	Italia
35388	Carlo	Doria	M	18	2020-09-25		elettivo		1966-02-06	Sassari	https://www.geonames.org/3167094	Sassari	Italia
32623	Tiziana Carmela Rosaria	Drago	F	18	2018-03-23		elettivo		1969-07-16	Catania	https://www.geonames.org/2525065	Catania	Italia
32624	Meinhard	Durnwalder	M	18	2018-03-23		elettivo		1976-12-12	Brunico	https://www.geonames.org/6535968	Bolzano	Italia
29091	Giovanni	Endrizzi	M	18	2018-03-23		elettivo		1962-09-02	Agordo	https://www.geonames.org/3183420	Belluno	Italia
32625	Vasco	Errani	M	18	2018-03-23		elettivo		1955-05-17	Massa Lombarda	https://www.geonames.org/3173761	Ravenna	Italia
32626	Elvira Lucia	Evangelista	F	18	2018-03-23		elettivo		1968-08-20	Nuoro	https://www.geonames.org/3172153	Nuoro	Italia
32627	Antonella	Faggi	F	18	2018-03-23		elettivo		1961-09-20	Lecco	https://www.geonames.org/6458616	Lecco	Italia
27476	Raffaele	Fantetti	M	18	2018-03-23		elettivo		1966-03-13	Roma	https://www.geonames.org/3169069	Roma	Italia
29395	Davide	Faraone	M	18	2018-03-23		elettivo		1975-07-19	Palermo	https://www.geonames.org/2523918	Palermo	Italia
29093	Elena	Fattori	F	18	2018-03-23		elettivo		1966-06-15	Rimini	https://www.geonames.org/6457404	Rimini	Italia
32628	Giovanbattista	Fazzolari	M	18	2018-03-23		elettivo		1972-02-24	Messina	https://www.geonames.org/2524169	Messina	Italia
4192	Claudio	Fazzone	M	18	2018-03-23		elettivo		1961-10-07	Fondi	https://www.geonames.org/3176843	Latina	Italia
32629	Giorgio	Fede	M	18	2018-03-23		elettivo		1961-12-23	San Benedetto Del Tronto	https://www.geonames.org/3168550	Ascoli Piceno	Italia
26041	Valeria	Fedeli	F	18	2018-03-23		elettivo		1949-07-29	Treviglio	https://www.geonames.org/3165207	Bergamo	Italia
32630	Emiliano	Fenu	M	18	2018-03-23		elettivo		1977-01-29	Siniscola	https://www.geonames.org/3166509	Nuoro	Italia
32631	Gianluca	Ferrara	M	18	2018-03-23		elettivo		1972-08-16	Portici	https://www.geonames.org/3170116	Napoli	Italia
29398	Alan	Ferrari	M	18	2018-03-23		elettivo		1975-02-14	Pavia	https://www.geonames.org/3171364	Pavia	Italia
32632	Andrea	Ferrazzi	M	18	2018-03-23		elettivo		1969-08-16	Venezia	https://www.geonames.org/3164600	Venezia	Italia
32633	Roberta	Ferrero	F	18	2018-03-23		elettivo		1971-10-14	Torino	https://www.geonames.org/3165523	Torino	Italia
17841	Massimo	Ferro	M	18	2018-03-23		elettivo		1959-04-03	San Bonifacio	https://www.geonames.org/3168514	Verona	Italia
32634	Barbara	Floridia	F	18	2018-03-23		elettivo		1977-02-05	Messina	https://www.geonames.org/2524169	Messina	Italia
29209	Emilio	Floris	M	18	2018-03-23		elettivo		1944-09-15	Cagliari	https://www.geonames.org/2525471	Cagliari	Italia
32635	Sonia	Fregolent	F	18	2018-03-23		elettivo		1974-03-26	Conegliano	https://www.geonames.org/3178197	Treviso	Italia
32636	Umberto	Fusco	M	18	2018-03-23		elettivo		1956-02-29	Roccagorga	https://www.geonames.org/6543036	Latina	Italia
32637	Adriano	Galliani	M	18	2018-03-23		elettivo		1944-07-30	Monza	https://www.geonames.org/3172629	Monza e Brianza	Italia
32638	Agnese	Gallicchio	F	18	2018-03-23		elettivo		1965-08-16	Potenza	https://www.geonames.org/3170025	Potenza	Italia
26539	Maria Alessandra	Gallone	F	18	2018-03-23		elettivo		1966-09-02	Bergamo	https://www.geonames.org/3182163	Bergamo	Italia
25498	Laura	Garavini	F	18	2018-03-23		elettivo		1966-07-23	Vignola	https://www.geonames.org/3164342	Modena	Italia
18121	Daniela	Garnero Santanche'	F	18	2018-03-23		elettivo		1961-04-07	Cuneo	https://www.geonames.org/3177699	Cuneo	Italia
32639	Vincenzo	Garruti	M	18	2018-03-23		elettivo		1974-05-10	Altamura	https://www.geonames.org/3183178	Bari	Italia
1103	Maurizio	Gasparri	M	18	2018-03-23		elettivo		1956-07-18	Roma	https://www.geonames.org/3169069	Roma	Italia
32640	Felicia	Gaudiano	F	18	2018-03-23		elettivo		1966-01-09	Albanella	https://www.geonames.org/3183362	Salerno	Italia
17887	Niccolo'	Ghedini	M	18	2018-03-23	2022-08-17	elettivo	Deceduto	1959-12-22	Padova	https://www.geonames.org/3171727	Padova	Italia
29105	Francesco	Giacobbe	M	18	2018-03-23		elettivo		1958-07-10	Catania	https://www.geonames.org/2525065	Catania	Italia
25492	Gabriella	Giammanco	F	18	2018-03-23		elettivo		1977-06-13	Palermo	https://www.geonames.org/2523918	Palermo	Italia
31373	Silvana	Giannuzzi	F	18	2018-03-23		elettivo		1965-10-12	Pozzuoli	https://www.geonames.org/3169984	Napoli	Italia
29106	Mario Michele	Giarrusso	M	18	2018-03-23		elettivo		1965-02-25	Catania	https://www.geonames.org/2525065	Catania	Italia
29107	Nadia	Ginetti	F	18	2018-03-23		elettivo		1969-02-25	Perugia	https://www.geonames.org/3171179	Perugia	Italia
22970	Francesco Maria	Giro	M	18	2018-03-23		elettivo		1963-05-11	Roma	https://www.geonames.org/3169069	Roma	Italia
29108	Gianni Pietro	Girotto	M	18	2018-03-23		elettivo		1967-11-12	San Dona' Di Piave	https://www.geonames.org/3168429	Venezia	Italia
32641	Bianca Laura	Granato	F	18	2018-03-23		elettivo		1970-08-31	Catanzaro	https://www.geonames.org/2525058	Catanzaro	Italia
32642	Ugo	Grassi	M	18	2018-03-23		elettivo		1964-10-13	Napoli	https://www.geonames.org/3172391	Napoli	Italia
29110	Pietro	Grasso	M	18	2018-03-23		elettivo		1945-01-01	Licata	https://www.geonames.org/2524393	Agrigento	Italia
32643	Leonardo	Grimani	M	18	2018-03-23		elettivo		1972-10-03	Terni	https://www.geonames.org/3165770	Terni	Italia
32644	Barbara	Guidolin	F	18	2018-03-23		elettivo		1975-09-21	Bassano Del Grappa	https://www.geonames.org/3182297	Vicenza	Italia
32645	Antonio	Iannone	M	18	2018-03-23		elettivo		1975-09-18	Torre Del Greco	https://www.geonames.org/3165456	Napoli	Italia
29443	Vanna	Iori	F	18	2018-03-23		elettivo		1948-10-23	Poviglio	https://www.geonames.org/3170017	Reggio nell'Emilia	Italia
32646	Tony Chike	Iwobi	M	18	2018-03-23		elettivo		1955-04-26	Gusau	https://www.geonames.org/9410404		Nigeria
32647	Patty	L'Abbate	F	18	2018-03-23		elettivo		1966-05-02	Polignano A Mare	https://www.geonames.org/3170382	Bari	Italia
32648	Virginia	La Mura	F	18	2018-03-23		elettivo		1966-01-21	Pompei	https://www.geonames.org/3170335	Napoli	Italia
32650	Patrizio Giacomo	La Pietra	M	18	2018-03-23		elettivo		1961-04-10	Pistoia	https://www.geonames.org/3170620	Pistoia	Italia
1275	Ignazio	La Russa	M	18	2018-03-23		elettivo		1947-07-18	Paterno'	https://www.geonames.org/3171392	Catania	Italia
29450	Francesco	Laforgia	M	18	2018-03-23		elettivo		1978-02-01	Grumo Appula	https://www.geonames.org/3175746	Bari	Italia
29115	Albert	Laniece	M	18	2018-03-23		elettivo		1966-02-17	Aosta	https://www.geonames.org/3182996	Aosta	Italia
17211	Elio	Lannutti	M	18	2018-03-23		elettivo		1948-10-08	Archi	https://www.geonames.org/6540014	Chieti	Italia
32649	Gabriele	Lanzi	M	18	2018-03-23		elettivo		1957-10-07	Sassuolo	https://www.geonames.org/3167053	Modena	Italia
32651	Mauro Antonio Donato	Laus	M	18	2018-03-23		elettivo		1966-08-07	Lavello	https://www.geonames.org/3175009	Potenza	Italia
32652	Cinzia	Leone	F	18	2018-03-23		elettivo		1976-10-24	Palermo	https://www.geonames.org/2523918	Palermo	Italia
29117	Barbara	Lezzi	F	18	2018-03-23		elettivo		1972-04-24	Lecce	https://www.geonames.org/3174952	Lecce	Italia
32653	Ettore Antonio	Licheri	M	18	2018-03-23		elettivo		1963-10-11	Sassari	https://www.geonames.org/3167094	Sassari	Italia
32654	Arnaldo	Lomuti	M	18	2018-03-23		elettivo		1975-02-14	Venosa	https://www.geonames.org/3164592	Potenza	Italia
4741	Alessandrina	Lonardo	F	18	2018-03-23		elettivo		1953-03-09	Ceppaloni	https://www.geonames.org/3179145	Benevento	Italia
32655	Pietro	Lorefice	M	18	2018-03-23		elettivo		1967-07-18	Gela	https://www.geonames.org/2524653	Caltanissetta	Italia
29123	Stefano	Lucidi	M	18	2018-03-23		elettivo		1969-06-20	Spoleto	https://www.geonames.org/3166236	Perugia	Italia
34617	Michelina	Lunesu	F	18	2019-06-19		elettivo		1954-07-25	Nuoro	https://www.geonames.org/3172153	Nuoro	Italia
32656	Giulia	Lupo	F	18	2018-03-23		elettivo		1977-08-19	Ragusa	https://www.geonames.org/2523649	Ragusa	Italia
33946	Gianpietro	Maffoni	M	18	2018-07-10		elettivo		1951-11-02	Orzinuovi	https://www.geonames.org/3171869	Brescia	Italia
32657	Lara	Magoni	F	18	2018-03-23	2018-07-10	elettivo	Dimissioni per incompatibilità	1969-01-29	Alzano Lombardo	https://www.geonames.org/3183135	Bergamo	Italia
29464	Ernesto	Magorno	M	18	2018-03-23		elettivo		1961-06-21	Diamante	https://www.geonames.org/2524856	Cosenza	Italia
32658	Alessandra	Maiorino	F	18	2018-03-23		elettivo		1974-07-24	Roma	https://www.geonames.org/3169069	Roma	Italia
1407	Lucio	Malan	M	18	2018-03-23		elettivo		1960-07-30	Luserna San Giovanni	https://www.geonames.org/3174429	Torino	Italia
32659	Massimo	Mallegni	M	18	2018-03-23		elettivo		1968-11-28	Pietrasanta	https://www.geonames.org/3170778	Lucca	Italia
29467	Simona Flavia	Malpezzi	F	18	2018-03-23		elettivo		1972-08-22	Cernusco sul Naviglio	https://www.geonames.org/3179066	Milano	Italia
32660	Daniele	Manca	M	18	2018-03-23		elettivo		1969-05-16	Imola	https://www.geonames.org/3175537	Bologna	Italia
32661	Giuseppe Tommaso Vincenzo	Mangialavori	M	18	2018-03-23		elettivo		1975-02-11	Merano	https://www.geonames.org/3173577	Bolzano	Italia
29470	Matteo	Mantero	M	18	2018-03-23		elettivo		1974-08-23	Loano	https://www.geonames.org/3174649	Savona	Italia
32662	Maria Laura	Mantovani	F	18	2018-03-23		elettivo		1965-08-11	Carpi	https://www.geonames.org/3180445	Modena	Italia
1458	Andrea	Marcucci	M	18	2018-03-23		elettivo		1965-05-28	Barga	https://www.geonames.org/3182358	Lucca	Italia
23135	Salvatore	Margiotta	M	18	2018-03-23		elettivo		1964-04-23	Potenza	https://www.geonames.org/3170025	Potenza	Italia
32663	Gianni	Marilotti	M	18	2018-03-23		elettivo		1953-07-17	Cagliari	https://www.geonames.org/2525471	Cagliari	Italia
32664	Raffaella Fiormaria	Marin	F	18	2018-03-23		elettivo		1960-12-19	Grado	https://www.geonames.org/3121238	Gorizia	Italia
32665	Gaspare Antonio	Marinello	M	18	2018-03-23		elettivo		1955-01-03	Sciacca	https://www.geonames.org/2523194	Agrigento	Italia
21507	Mauro Maria	Marino	M	18	2018-03-23		elettivo		1963-12-20	Torino	https://www.geonames.org/3165523	Torino	Italia
25468	Marco	Marsilio	M	18	2018-03-23	2019-03-19	elettivo	Dimissioni per incompatibilità	1968-02-17	Roma	https://www.geonames.org/3169069	Roma	Italia
29130	Carlo	Martelli	M	18	2018-03-23		elettivo		1966-05-23	Novara	https://www.geonames.org/3172188	Novara	Italia
29480	Roberto	Marti	M	18	2018-03-23		elettivo		1974-06-11	Lecce	https://www.geonames.org/3174952	Lecce	Italia
32666	Barbara	Masini	F	18	2018-03-23		elettivo		1974-01-22	Pistoia	https://www.geonames.org/3170620	Pistoia	Italia
32667	Susy	Matrisciano	F	18	2018-03-23		elettivo		1975-08-30	Pomigliano D'Arco	https://www.geonames.org/3170341	Napoli	Italia
32668	Raffaele	Mautone	M	18	2018-03-23		elettivo		1959-01-24	Marigliano	https://www.geonames.org/3173945	Napoli	Italia
23007	Ricardo Antonio	Merlo	M	18	2018-03-23		elettivo		1962-05-25	Buenos Aires	https://www.geonames.org/3435910		Argentina
25205	Alfredo	Messina	M	18	2018-03-23		elettivo		1935-09-08	Colleferro	https://www.geonames.org/3178398	Roma	Italia
32669	Assuntela	Messina	F	18	2018-03-23		elettivo		1964-12-29	Barletta	https://www.geonames.org/3182340	Barletta-Andria-Trani	Italia
32670	Cataldo	Mininno	M	18	2018-03-23		elettivo		1975-06-30	Bari	https://www.geonames.org/3182350	Bari	Italia
32765	Anna Carmela	Minuto	F	18	2018-03-23	2021-12-02	elettivo	Annullata l'elezione	1969-01-28	Molfetta	https://www.geonames.org/3173287	Bari	Italia
29138	Franco	Mirabelli	M	18	2018-03-23		elettivo		1960-02-09	Milano	https://www.geonames.org/3173434	Milano	Italia
23011	Antonio	Misiani	M	18	2018-03-23		elettivo		1968-09-04	Bergamo	https://www.geonames.org/3182163	Bergamo	Italia
32671	Fiammetta	Modena	F	18	2018-03-23		elettivo		1965-06-20	Perugia	https://www.geonames.org/3171179	Perugia	Italia
18740	Giuseppe	Moles	M	18	2018-03-23		elettivo		1967-01-07	Potenza	https://www.geonames.org/3170025	Potenza	Italia
32672	Francesco	Mollame	M	18	2018-03-23		elettivo		1961-10-19	Partinico	https://www.geonames.org/6537749	Palermo	Italia
23015	Enrico	Montani	M	18	2018-03-23		elettivo		1967-09-27	Verbania	https://www.geonames.org/6542004	Verbano Cusio Ossola	Italia
29140	Michela	Montevecchi	F	18	2018-03-23		elettivo		1971-04-21	Bologna	https://www.geonames.org/3181927	Bologna	Italia
28543	Mario	Monti	M	18	2018-03-23		a vita, di nomina del Presidente della Repubblica		1943-03-19	Varese	https://www.geonames.org/3164697	Varese	Italia
29142	Vilma	Moronese	F	18	2018-03-23		elettivo		1971-05-31	Santa Maria Capua Vetere	https://www.geonames.org/3167561	Caserta	Italia
29143	Nicola	Morra	M	18	2018-03-23		elettivo		1963-07-05	Genova	https://www.geonames.org/3176217	Genova	Italia
31572	Tommaso	Nannicini	M	18	2018-03-23		elettivo		1973-11-11	Montevarchi	https://www.geonames.org/3172718	Arezzo	Italia
1672	Giorgio	Napolitano	M	18	2018-03-23		di diritto e a vita, Presidente emerito della Repubblica		1925-06-29	Napoli	https://www.geonames.org/3172391	Napoli	Italia
25446	Gaetano	Nastri	M	18	2018-03-23		elettivo		1968-03-18	Boscoreale	https://www.geonames.org/3181683	Napoli	Italia
32673	Gisella	Naturale	F	18	2018-03-23		elettivo		1969-06-03	San Giovanni Rotondo	https://www.geonames.org/3168234	Foggia	Italia
1686	Riccardo	Nencini	M	18	2018-03-23		elettivo		1959-10-19	Barberino Di Mugello	https://www.geonames.org/3182390	Firenze	Italia
32750	Tiziana	Nisini	F	18	2018-03-23		elettivo		1975-10-18	Pavia	https://www.geonames.org/3171364	Pavia	Italia
32674	Simona Nunzia	Nocerino	F	18	2018-03-23		elettivo		1968-07-07	Milano	https://www.geonames.org/3173434	Milano	Italia
29147	Paola	Nugnes	F	18	2018-03-23		elettivo		1962-10-23	Napoli	https://www.geonames.org/3172391	Napoli	Italia
32675	Fabrizio	Ortis	M	18	2018-03-23		elettivo		1971-10-05	Campobasso	https://www.geonames.org/3180990	Campobasso	Italia
32676	Franco	Ortolani	M	18	2018-03-23	2019-11-22	elettivo	Deceduto	1943-08-29	Molinella	https://www.geonames.org/3173276	Bologna	Italia
32677	Andrea	Ostellari	M	18	2018-03-23		elettivo		1974-03-17	Campo San Martino	https://www.geonames.org/3180919	Padova	Italia
32678	Marinella	Pacifico	F	18	2018-03-23		elettivo		1962-03-06	Latina	https://www.geonames.org/3175057	Latina	Italia
32679	Nazario	Pagano	M	18	2018-03-23		elettivo		1957-05-23	Napoli	https://www.geonames.org/3172391	Napoli	Italia
34630	Kristalia Rachele	Papaevangeliu	F	18	2019-07-02	2019-07-31	elettivo	Annullata elezione	1977-07-26	Alatri	https://www.geonames.org/3183365	Frosinone	Italia
30396	Urania Giulia Rosina	Papatheu	F	18	2018-03-23		elettivo		1965-07-25	Catania	https://www.geonames.org/2525065	Catania	Italia
32680	Gianluigi	Paragone	M	18	2018-03-23		elettivo		1971-08-07	Varese	https://www.geonames.org/3164697	Varese	Italia
29157	Annamaria	Parente	F	18	2018-03-23		elettivo		1960-09-17	Napoli	https://www.geonames.org/3172391	Napoli	Italia
4512	Adriano	Paroli	M	18	2018-03-23		elettivo		1962-03-30	Brescia	https://www.geonames.org/3181553	Brescia	Italia
29521	Dario	Parrini	M	18	2018-03-23		elettivo		1973-10-17	Vinci	https://www.geonames.org/3164074	Firenze	Italia
29524	Edoardo	Patriarca	M	18	2018-03-23	2019-07-31	elettivo	Annullata elezione	1953-10-17	Basciano	https://www.geonames.org/3182316	Teramo	Italia
32681	Stefano	Patuanelli	M	18	2018-03-23		elettivo		1974-06-08	Trieste	https://www.geonames.org/3165184	Trieste	Italia
34677	Emma	Pavanelli	F	18	2019-07-31		elettivo		1973-03-19	Chiavari	https://www.geonames.org/3178832	Genova	Italia
32682	Giuliano	Pazzaglini	M	18	2018-03-23		elettivo		1968-04-29	Camerino	https://www.geonames.org/3181094	Macerata	Italia
32683	Emanuele	Pellegrini	M	18	2018-03-23		elettivo		1975-09-06	Milano	https://www.geonames.org/3173434	Milano	Italia
32684	Marco	Pellegrini	M	18	2018-03-23		elettivo		1964-07-30	Foggia	https://www.geonames.org/3176884	Foggia	Italia
32685	Pasquale	Pepe	M	18	2018-03-23		elettivo		1975-02-04	Tolve	https://www.geonames.org/3165582	Potenza	Italia
32686	Simona	Pergreffi	F	18	2018-03-23		elettivo		1971-10-24	Seriate	https://www.geonames.org/3166706	Bergamo	Italia
32687	Gianluca	Perilli	M	18	2018-03-23		elettivo		1973-12-05	Roma	https://www.geonames.org/3169069	Roma	Italia
32688	Marco	Perosino	M	18	2018-03-23		elettivo		1952-02-12	Govone	https://www.geonames.org/6543832	Cuneo	Italia
29527	Daniele	Pesco	M	18	2018-03-23		elettivo		1973-10-17	Monza	https://www.geonames.org/3172629	Monza e Brianza	Italia
25429	Giovanna	Petrenga	F	18	2019-07-02		elettivo		1956-07-06	Casal di Principe	https://www.geonames.org/3180240	Caserta	Italia
29161	Vito Rosario	Petrocelli	M	18	2018-03-23		elettivo		1964-02-08	Taranto	https://www.geonames.org/3165924	Taranto	Italia
32751	Cesare	Pianasso	M	18	2018-03-23		elettivo		1966-01-23	Cuorgne'	https://www.geonames.org/3177695	Torino	Italia
30512	Renzo	Piano	M	18	2018-03-23		a vita, di nomina del Presidente della Repubblica		1937-09-14	Genova	https://www.geonames.org/3176217	Genova	Italia
32689	Angela Anna Bruna	Piarulli	F	18	2018-03-23		elettivo		1968-08-03	Matera	https://www.geonames.org/3173718	Matera	Italia
25199	Gilberto	Pichetto Fratin	M	18	2018-03-23		elettivo		1954-01-04	Veglio	https://www.geonames.org/6542817	Biella	Italia
32690	Simone	Pillon	M	18	2018-03-23		elettivo		1971-06-01	Brescia	https://www.geonames.org/3181553	Brescia	Italia
17750	Roberta	Pinotti	F	18	2018-03-23		elettivo		1961-05-20	Genova	https://www.geonames.org/3176217	Genova	Italia
18562	Daisy	Pirovano	F	18	2018-03-23		elettivo		1977-12-19	Romano di Lombardia	https://www.geonames.org/3169056	Bergamo	Italia
32691	Elisa	Pirro	F	18	2018-03-23		elettivo		1973-07-15	Torino	https://www.geonames.org/3165523	Torino	Italia
32692	Giuseppe	Pisani	M	18	2018-03-23		elettivo		1952-01-26	Scicli	https://www.geonames.org/2523192	Ragusa	Italia
32694	Pietro	Pisani	M	18	2018-03-23		elettivo		1953-06-30	Piacenza	https://www.geonames.org/3171057	Piacenza	Italia
4522	Gianni	Pittella	M	18	2018-03-23		elettivo		1958-11-19	Lauria	https://www.geonames.org/3175034	Potenza	Italia
25295	Mario	Pittoni	M	18	2018-03-23		elettivo		1950-11-28	Udine	https://www.geonames.org/3165071	Udine	Italia
32695	Nadia	Pizzol	F	18	2018-03-23		elettivo		1952-10-15	Brugnera	https://www.geonames.org/6539324	Pordenone	Italia
32696	Vincenzo	Presutto	M	18	2018-03-23		elettivo		1967-01-14	Napoli	https://www.geonames.org/3172391	Napoli	Italia
32697	Stefania	Pucciarelli	F	18	2018-03-23		elettivo		1967-03-06	Sarzana	https://www.geonames.org/3167104	La Spezia	Italia
29164	Sergio	Puglia	M	18	2018-03-23		elettivo		1972-11-11	Portici	https://www.geonames.org/3170116	Napoli	Italia
18715	Gaetano	Quagliariello	M	18	2018-03-23		elettivo		1960-04-23	Napoli	https://www.geonames.org/3172391	Napoli	Italia
32698	Ruggiero	Quarto	M	18	2018-03-23		elettivo		1952-08-23	Barletta	https://www.geonames.org/3182340	Barletta-Andria-Trani	Italia
29552	Roberto	Rampi	M	18	2018-03-23		elettivo		1977-09-17	Merate	https://www.geonames.org/3173576	Lecco	Italia
32699	Isabella	Rauti	F	18	2018-03-23		elettivo		1962-11-17	Roma	https://www.geonames.org/3169069	Roma	Italia
30742	Matteo	Renzi	M	18	2018-03-23		elettivo		1975-01-11	Firenze	https://www.geonames.org/3176958	Firenze	Italia
32700	Alessandra	Riccardi	F	18	2018-03-23		elettivo		1974-06-05	Milano	https://www.geonames.org/3173434	Milano	Italia
32701	Sabrina	Ricciardi	F	18	2018-03-23		elettivo		1968-11-21	Benevento	https://www.geonames.org/3182178	Benevento	Italia
29555	Matteo	Richetti	M	18	2018-03-23		elettivo		1974-08-03	Sassuolo	https://www.geonames.org/3167053	Modena	Italia
32702	Paolo	Ripamonti	M	18	2018-03-23		elettivo		1969-04-26	Loano	https://www.geonames.org/3174649	Savona	Italia
25415	Erica	Rivolta	F	18	2018-03-23		elettivo		1959-12-22	Erba	https://www.geonames.org/3177372	Como	Italia
25198	Maria	Rizzotti	F	18	2018-03-23		elettivo		1953-11-08	Firenze	https://www.geonames.org/3176958	Firenze	Italia
32703	Tatjana	Rojc	F	18	2018-03-23		elettivo		1961-10-26	Trieste	https://www.geonames.org/3165184	Trieste	Italia
32704	Sergio	Romagnoli	M	18	2018-03-23		elettivo		1969-08-16	Fabriano	https://www.geonames.org/3177315	Ancona	Italia
2064	Paolo	Romani	M	18	2018-03-23		elettivo		1947-09-18	Milano	https://www.geonames.org/3173434	Milano	Italia
32705	Iunio Valerio	Romano	M	18	2018-03-23		elettivo		1971-01-29	Lecce	https://www.geonames.org/3174952	Lecce	Italia
32706	Massimiliano	Romeo	M	18	2018-03-23		elettivo		1971-01-22	Monza	https://www.geonames.org/3172629	Monza e Brianza	Italia
32707	Licia	Ronzulli	F	18	2018-03-23		elettivo		1975-09-14	Milano	https://www.geonames.org/3173434	Milano	Italia
25412	Mariarosaria	Rossi	F	18	2018-03-23		elettivo		1972-03-08	Piedimonte Matese	https://www.geonames.org/6542350	Caserta	Italia
25411	Anna	Rossomando	F	18	2018-03-23		elettivo		1963-06-30	Torino	https://www.geonames.org/3165523	Torino	Italia
30510	Carlo	Rubbia	M	18	2018-03-23		a vita, di nomina del Presidente della Repubblica		1934-03-31	Gorizia	https://www.geonames.org/3175985	Gorizia	Italia
32752	Gianfranco	Rufa	M	18	2018-03-23		elettivo		1973-02-22	Frosinone	https://www.geonames.org/3176513	Frosinone	Italia
35106	Sandro	Ruotolo	M	18	2020-02-27		elettivo		1955-07-09	Napoli	https://www.geonames.org/3172391	Napoli	Italia
32708	Massimo	Ruspandini	M	18	2018-03-23		elettivo		1973-06-20	Ceccano	https://www.geonames.org/3179243	Frosinone	Italia
32709	Loredana	Russo	F	18	2018-03-23		elettivo		1962-03-07	Palermo	https://www.geonames.org/2523918	Palermo	Italia
31157	Antonio	Saccone	M	18	2018-03-23		elettivo		1969-08-15	Haifa	https://www.geonames.org/294800		Israele
25407	Matteo	Salvini	M	18	2018-03-23	2019-07-31	elettivo	Annullata elezione	1973-03-09	Milano	https://www.geonames.org/3173434	Milano	Italia
25407	Matteo	Salvini	M	18	2019-07-31		elettivo		1973-03-09	Milano	https://www.geonames.org/3173434	Milano	Italia
29174	Vincenzo	Santangelo	M	18	2018-03-23		elettivo		1972-03-05	Trapani	https://www.geonames.org/2522875	Trapani	Italia
32710	Agostino	Santillo	M	18	2018-03-23		elettivo		1974-10-28	Caserta	https://www.geonames.org/3179865	Caserta	Italia
32711	Maria	Saponara	F	18	2018-03-23		elettivo		1961-08-21	Parma	https://www.geonames.org/3171456	Parma	Italia
32712	Paolo	Saviane	M	18	2018-03-23	2021-08-20	elettivo	Deceduto	1962-03-20	Ponte Nelle Alpi	https://www.geonames.org/3170239	Belluno	Italia
32713	Rosellina	Sbrana	F	18	2018-03-23		elettivo		1962-11-21	Pisa	https://www.geonames.org/3170646	Pisa	Italia
25402	Daniela	Sbrollini	F	18	2018-03-23		elettivo		1971-09-30	Latiano	https://www.geonames.org/3175061	Brindisi	Italia
3939	Renato	Schifani	M	18	2018-03-23		elettivo		1950-05-11	Palermo	https://www.geonames.org/2523918	Palermo	Italia
25206	Salvatore	Sciascia	M	18	2018-03-23		elettivo		1943-03-21	Moglia	https://www.geonames.org/3173317	Mantova	Italia
32435	Liliana	Segre	F	18	2018-03-23		a vita, di nomina del Presidente della Repubblica		1930-09-10	Milano	https://www.geonames.org/3173434	Milano	Italia
25207	Giancarlo	Serafini	M	18	2018-03-23		elettivo		1941-03-02	Rivoli	https://www.geonames.org/3169231	Torino	Italia
32714	Marco	Siclari	M	18	2018-03-23		elettivo		1977-05-25	Reggio di Calabria	https://www.geonames.org/2523630	Reggio di Calabria	Italia
14224	Pierpaolo	Sileri	M	18	2018-03-23		elettivo		1972-08-25	Roma	https://www.geonames.org/3169069	Roma	Italia
32715	Armando	Siri	M	18	2018-03-23		elettivo		1971-08-10	Genova	https://www.geonames.org/3176217	Genova	Italia
32716	Christian	Solinas	M	18	2018-03-23	2019-06-19	elettivo	Dimissioni per incompatibilità	1976-12-02	Cagliari	https://www.geonames.org/2525471	Cagliari	Italia
32717	Laura	Stabile	F	18	2018-03-23		elettivo		1957-01-04	Trieste	https://www.geonames.org/3165184	Trieste	Italia
25269	Raffaele	Stancanelli	M	18	2018-03-23	2019-07-01	elettivo	Dimissioni per incompatibilità	1950-06-30	Regalbuto	https://www.geonames.org/2523632	Enna	Italia
29185	Erika	Stefani	F	18	2018-03-23		elettivo		1971-07-18	Valdagno	https://www.geonames.org/3164954	Vicenza	Italia
29186	Dario	Stefano	M	18	2018-03-23		elettivo		1963-08-02	Scorrano	https://www.geonames.org/3166872	Lecce	Italia
32718	Dieter	Steger	M	18	2018-03-23		elettivo		1964-06-24	Brunico	https://www.geonames.org/6535968	Bolzano	Italia
32719	Valeria	Sudano	F	18	2018-03-23		elettivo		1975-09-26	Catania	https://www.geonames.org/2525065	Catania	Italia
29591	Mino	Taricco	M	18	2018-03-23		elettivo		1959-06-11	Bra	https://www.geonames.org/3181631	Cuneo	Italia
29189	Paola	Taverna	F	18	2018-03-23		elettivo		1969-03-02	Roma	https://www.geonames.org/3169069	Roma	Italia
32720	Donatella	Tesei	F	18	2018-03-23	2019-12-02	elettivo	Dimissioni per incompatibilità	1958-06-17	Foligno	https://www.geonames.org/3176854	Perugia	Italia
32721	Elena	Testor	F	18	2018-03-23		elettivo		1973-07-20	Cavalese	https://www.geonames.org/3179333	Trento	Italia
32722	Maria Virginia	Tiraboschi	F	18	2018-03-23		elettivo		1965-07-05	Ivrea	https://www.geonames.org/3175384	Torino	Italia
32723	Roberta	Toffanin	F	18	2018-03-23		elettivo		1968-04-29	Padova	https://www.geonames.org/3171727	Padova	Italia
29599	Danilo	Toninelli	M	18	2018-03-23		elettivo		1974-08-02	Soresina	https://www.geonames.org/3166365	Cremona	Italia
30915	Paolo	Tosato	M	18	2018-03-23		elettivo		1972-09-08	Negrar	https://www.geonames.org/3172338	Verona	Italia
22784	Achille	Totaro	M	18	2018-03-23		elettivo		1965-09-24	Firenze	https://www.geonames.org/3176958	Firenze	Italia
32725	Fabrizio	Trentacoste	M	18	2018-03-23		elettivo		1975-02-25	Palermo	https://www.geonames.org/2523918	Palermo	Italia
32726	Mario	Turco	M	18	2018-03-23		elettivo		1968-06-14	Taranto	https://www.geonames.org/3165924	Taranto	Italia
32727	Julia	Unterberger	F	18	2018-03-23		elettivo		1962-09-05	Merano	https://www.geonames.org/3173577	Bolzano	Italia
32728	Francesco	Urraro	M	18	2018-03-23		elettivo		1973-10-18	San Giuseppe Vesuviano	https://www.geonames.org/3168209	Napoli	Italia
2444	Adolfo	Urso	M	18	2018-03-23		elettivo		1957-07-12	Padova	https://www.geonames.org/3171727	Padova	Italia
32729	Sergio	Vaccaro	M	18	2018-03-23		elettivo		1974-06-20	Napoli	https://www.geonames.org/3172391	Napoli	Italia
29604	Valeria	Valente	F	18	2018-03-23		elettivo		1976-09-16	Napoli	https://www.geonames.org/3172391	Napoli	Italia
25218	Gianpaolo	Vallardi	M	18	2018-03-23		elettivo		1962-02-08	Oderzo	https://www.geonames.org/3172116	Treviso	Italia
32730	Orietta	Vanin	F	18	2018-03-23		elettivo		1959-05-24	Mirano	https://www.geonames.org/3173369	Venezia	Italia
29194	Vito	Vattuone	M	18	2018-03-23		elettivo		1958-12-25	Casarza Ligure	https://www.geonames.org/6542451	Genova	Italia
28924	Francesco	Verducci	M	18	2018-03-23		elettivo		1972-10-05	Fermo	https://www.geonames.org/3177099	Fermo	Italia
32753	Manuel	Vescovi	M	18	2018-03-23		elettivo		1970-05-30	Padova	https://www.geonames.org/3171727	Padova	Italia
4584	Luigi	Vitali	M	18	2018-03-23		elettivo		1955-01-02	Taranto	https://www.geonames.org/3165924	Taranto	Italia
32731	Gelsomina	Vono	F	18	2018-03-23		elettivo		1969-03-14	Catanzaro	https://www.geonames.org/2525058	Catanzaro	Italia
32732	Francesco	Zaffini	M	18	2018-03-23		elettivo		1955-03-09	Spoleto	https://www.geonames.org/3166236	Perugia	Italia
20658	Luigi	Zanda	M	18	2018-03-23		elettivo		1942-11-28	Cagliari	https://www.geonames.org/2525471	Cagliari	Italia
32733	Cristiano	Zuliani	M	18	2018-03-23		elettivo		1970-06-18	Legnago	https://www.geonames.org/3174922	Verona	Italia
32613	Andrea	de Bertoldi	M	18	2018-03-23		elettivo		1966-05-12	Bolzano	https://www.geonames.org/3181912	Bolzano	Italia
36013	Tilde	Minasi	F	18	2021-12-02	2022-03-29	elettivo	Dimissioni per incompatibilità	1960-07-24	Reggio di Calabria	https://www.geonames.org/2523630	Reggio di Calabria	Italia
25421	Fabio	Porta	M	18	2022-01-12		elettivo		1963-11-05	Caltagirone	https://www.geonames.org/6541967	Catania	Italia
36179	Fausto	De Angelis	M	18	2022-03-29		elettivo		1973-08-12	Vibo Valentia	https://www.geonames.org/6540115	Vibo Valentia	Italia